,Source,Link,Headline,Description,Date,Timestamp,Topic,Author,Region,Article_Content
2,CNN,https://www.cnn.com/2024/10/09/Tv/video/nadia-calvino-emphasizes-europes-commitment-to-ukraine-amidst-the-war-with-russia-1,Nadia Calviño Emphasizes Europe's Commitment to Ukraine Amidst the War with Russia,“We are mobilizing a package of 450 million euros to provide the necessary support.” European Investment Bank President Nadia Calviño emphasizes Europe’s commitment to Ukraine amidst the war with Russia.,"Oct 9, 2024",2024-10-13 13:35:14.878622,Ukraine War,Richard Quest,Ukraine,
8,CNN,https://www.cnn.com/2024/10/02/world/video/vuhledar-ukraine-russia-advance-digvid,Video shows soldiers raising Russian flag over key Ukrainian town,"After two years of fighting, and taking in heavy losses, Russia has taken a key town in Ukraine’s East. Vuhledar is built around a coal mine and sits on the intersection of Ukraine’s eastern and southern fronts. CNN’s Frederik Pleitgen explains the ...","Oct 2, 2024",2024-10-13 13:35:14.878622,Ukraine War,Unknown,Ukraine,
10,CNN,https://www.cnn.com/2024/09/30/Tv/video/croatian-prime-minister-provides-one-reason-he-believes-the-european-political-landscape-is-changing,Croatian Prime Minister Provides One Reason He Believes the European Political Landscape Is Changing,“Migration has altered not only the security of our citizens but has impacted the way of life in many western countries.” Croatian Prime Minister Andrej Plenković provides one reason he believes the European political landscape is changing.,"Sep 30, 2024",2024-10-13 13:35:14.878622,Ukraine War,Richard Quest,Ukraine,
11,CNN,https://www.cnn.com/2024/09/30/Tv/video/qmb-alex-stubb,Finnish President Expresses Support for Ukraine Launching Long Range Missiles into Russia,“You can’t fight the war with one hand behind your back…so release the missiles long range.” Finnish President Alexander Stubb expresses support for Ukraine launching long range missiles into Russia.,"Sep 30, 2024",2024-10-13 13:35:14.878622,Ukraine War,Richard Quest,Ukraine,
12,CNN,https://www.cnn.com/2024/09/27/politics/video/ukraine-zelensky-trump-meeting-election-bolton-src-digvid,Bolton cracks smile reacting to Trump saying Putin wants war to end,"Former President Donald Trump announced that, if elected, he’s ready to work out a peace deal between Russia and Ukraine, emphasizing a good relationship with Vladimir Putin while standing next to Zelensky. Former Trump national security ...","Sep 28, 2024",2024-10-13 13:35:14.878622,Ukraine War,Unknown,Ukraine,
17,CNN,https://www.cnn.com/2024/09/25/Tv/video/amanpour-baerbock,"‘The Russian president doesn't know any limits any more,’ says German FM",Christiane Amanpour speaks with German Foreign Minister Annalena Baerbock about the war in Ukraine and violence in the Middle East.,"Sep 25, 2024",2024-10-13 13:35:14.878622,Ukraine War,Unknown,Ukraine,
18,CNN,https://www.cnn.com/2024/09/25/Tv/video/amanpour-greece-kyriakos-mitsotakis-israel-parthenon,Greek Prime Minister: We are friends with Israel and need to tell them hard truths,"Kyriakos Mitsotakis, Prime Minister of Greece, speaks with Christiane Amanpour about migration, the Middle East, and the possible return of the Parthenon sculptures.","Sep 25, 2024",2024-10-13 13:35:14.878622,Ukraine War,Ben Kirby,Ukraine,
19,CNN,https://www.cnn.com/2024/09/25/Tv/video/amanpour-radek-sikorski-ukraine-unga,"The time of Russian colonialism is over, says Poland's foreign minister",Polish Foreign Minister Radek Sikorski joins Christiane Amanpour at the UN General Assembly to discuss the war in Ukraine and why he believes Kyiv should be permitted to strike military targets deeper inside Russia.,"Sep 25, 2024",2024-10-13 13:35:14.878622,Ukraine War,Ben Kirby,Ukraine,
21,CNN,https://www.cnn.com/2024/09/25/world/video/ukraine-volodymyr-zelensky-un-nuclear-power-plants-digvid,Zelensky warns Russia could cause a 'nuclear disaster',"During a speech to world leaders at the United Nations, Ukrainian President Volodymyr Zelensky warned that Russia is planning to attack Ukraine’s power plants, which he says could affect all of Europe.","Sep 25, 2024",2024-10-13 13:35:14.878622,Ukraine War,Unknown,Ukraine,
23,CNN,https://www.cnn.com/subscription/video/ukraine-dancing-in-defiance-trailer,Ukraine: Dancing in Defiance (Trailer),CNN’s Christiane Amanpour follows the story of Ukrainian ballet dancers who faced the difficult decision to either leave their homes and show the world the face of Ukrainian culture or stay behind to continue performing in a war zone.,"Sep 30, 2024",2024-10-13 13:35:14.878622,Ukraine War,Unknown,Ukraine,
32,CNN,https://www.cnn.com/2024/09/18/world/video/ukraine-drone-russian-ammunition-depot-digvid,Video shows explosions after drone attack on Russian ammunition depot,"A Ukrainian drone attack launched overnight destroyed an ammunition depot in the western Russian region of Tver, a source from Ukraine’s Security Service (SBU) told CNN on Wednesday, causing a massive blast.","Sep 18, 2024",2024-10-13 13:35:14.878622,Ukraine War,Unknown,Ukraine,
35,CNN,https://www.cnn.com/2024/09/17/Tv/video/amanpour-bianna-golodryga-sudan-kholood-khair,"'Things will get infinitely worse' in Sudan, warns analyst",Bianna Golodryga speaks with Sudanese political analyst Kholood Khair about the ongoing war inside the country and the dire humanitarian situation.,"Sep 17, 2024",2024-10-13 13:35:14.878622,Ukraine War,Ben Kirby,Ukraine,
40,CNN,https://www.cnn.com/2024/09/15/world/video/gps0915-fighting-on-ukraines-eastern-front,On GPS: Fighting on Ukraine’s eastern front,"Yegor Firsov, chief sergeant in the Ukrainian army, tells Fareed about the alarming situation on Ukraine’s eastern front line and his motivations to keep fighting on.","Sep 15, 2024",2024-10-13 13:35:14.878622,Ukraine War,Fareed Zakaria,Ukraine,
41,CNN,https://www.cnn.com/2024/09/15/world/video/gps0915-ukrainian-teen-on-war-and-loss,On GPS: ‘Heartbroken’: A Ukrainian teen’s personal tragedy,"On a trip to Kyiv, Fareed visits with Masha, a Ukrainian teenager who shares her devastating experience of loss.","Sep 15, 2024",2024-10-13 13:35:14.878622,Ukraine War,Fareed Zakaria,Ukraine,
42,CNN,https://www.cnn.com/2024/09/15/world/video/gps0915-the-impact-of-the-ukraine-war,On GPS: The impact of the war in Ukraine,"In an exclusive interview, Ukrainian President Volodymyr Zelensky tells Fareed how the war has changed him, his country and the world.","Sep 15, 2024",2024-10-13 13:35:14.878622,Ukraine War,Fareed Zakaria,Ukraine,
43,CNN,https://www.cnn.com/2024/09/15/world/video/gps0915-what-ukraine-wants-in-peace-negotiations,On GPS: Ukraine’s negotiating stance,"In an exclusive interview, Ukrainian President Volodymyr Zelensky tells Fareed what Ukraine wants in peace negotiations and explains why Ukraine needs to demonstrate strength in order to get Russian President Vladimir Putin to engage ...","Sep 15, 2024",2024-10-13 13:35:14.878622,Ukraine War,Fareed Zakaria,Ukraine,
44,CNN,https://www.cnn.com/2024/09/15/world/video/gps0915-zelensky-on-what-ukraine-needs-to-win,On GPS: What Ukraine needs to win,"In an exclusive interview, Ukrainian President Volodymyr Zelensky tells Fareed that Ukraine needs more military supplies and more latitude to strike at Russia.","Sep 15, 2024",2024-10-13 13:35:14.878622,Ukraine War,Fareed Zakaria,Ukraine,
45,CNN,https://www.cnn.com/2024/09/15/world/video/fareeds-take-ukraine-war-gps-digvid,Fareed: What Ukraine fears most,CNN’s Fareed Zakaria explains what Ukrainians told him was their greatest fear during his latest visit to Kyiv.,"Sep 15, 2024",2024-10-13 13:35:14.878622,Ukraine War,Fareed Zakaria,Ukraine,
46,CNN,https://www.cnn.com/2024/09/15/world/video/volodymyr-zelensky-vladimir-putin-ukraine-russia-war-gps-digvid,Zelensky says Putin is afraid of the Russian people. Here's why,"CNN’s Fareed Zakaria sits down with Ukrainian President Volodymyr Zelensky, who explains what he thinks is going on in Russian President Vladimir Putin’s mind and why he says Putin is most afraid of the Russian people.","Sep 15, 2024",2024-10-13 13:35:14.878622,Ukraine War,Fareed Zakaria,Ukraine,
49,CNN,https://www.cnn.com/2024/09/13/politics/video/zelensky-trump-ukraine-war-zakaria-gps-intv-sot-digvid,Zelensky reveals details of phone call with Trump from two months ago,CNN’s Fareed Zakaria sat down for an exclusive interview with Ukrainian President Volodymyr Zelensky to discuss who he will share his peace plan with and details of a phone call two months ago with former President Donald Trump. Watch the ...,"Sep 13, 2024",2024-10-13 13:35:14.878622,Ukraine War,Unknown,Ukraine,
50,CNN,https://www.cnn.com/2024/09/13/world/video/putin-warns-nato-russia-ukraine-war-missiles-digvid,See Putin's warning as Biden holds key meeting about Ukraine,President Vladimir Putin warned that allowing Ukraine to use Western long-range missiles would mean that NATO and Russia are at war. Tensions are rising as President Biden and U.K. Prime Minister Keir Starmer meet today to talk about ...,"Sep 13, 2024",2024-10-13 13:35:14.878622,Ukraine War,Unknown,Ukraine,
51,CNN,https://www.cnn.com/2024/09/13/world/video/ukraine-missiles-russian-targets-ldn-digvid,Map shows how Russia could be impacted by Western long-range missiles,"As President Biden signals an openness to allowing Ukraine to use Western long-range missiles on targets inside of Russia, CNN looks at what this might mean for Ukraine.","Sep 13, 2024",2024-10-13 13:35:14.878622,Ukraine War,Unknown,Ukraine,
56,CNN,https://www.cnn.com/2024/09/12/world/video/hospital-trains-ukraine-russia-war-digvid,See inside one of Ukraine’s lifesaving hospital trains,"CNN gained exclusive access to a medical evacuation train used by the Ukrainian army to transport the injured from near the frontlines to hospitals around the country. It comes equipped with ventilators, life support machines, ultrasound ...","Sep 12, 2024",2024-10-13 13:35:14.878622,Ukraine War,Unknown,Ukraine,
61,CNN,https://www.cnn.com/2024/09/10/world/video/moscow-drone-attack-ukraine-ldn-digvid,See the moment Ukrainian drones hit Moscow region,"Russia’s defense ministry said they destroyed over 140 drones after Ukraine launched an attack on parts of Russia, including the Moscow region on September 10. According to officials, at least one person has been killed. ","Sep 10, 2024",2024-10-13 13:35:14.878622,Ukraine War,Unknown,Ukraine,
62,CNN,https://www.cnn.com/2024/09/09/world/video/ukrainian-prisoners-forces-russia-war-pleitgen-dnt-digvid,See how Ukraine is using prisoners in the war,CNN’s Frederik Pleitgen speaks with Ukrainian convicts recruited to fight in the war against Russia.,"Sep 10, 2024",2024-10-13 13:35:14.878622,Ukraine War,Unknown,Ukraine,
63,CNN,https://www.cnn.com/2024/09/09/Tv/video/amanpour-archive-ukraine-amputee-soldiers,The cost of war: Ukraine’s amputee soldiers,"From her archive, Christiane revisits a rare look at doctors and frontline patients in a Dnipro hospital in eastern Ukraine, and shares an emotional update on the condition of one terribly wounded soldier she met there.","Sep 9, 2024",2024-10-13 13:35:14.878622,Ukraine War,Ben Kirby,Ukraine,
64,CNN,https://www.cnn.com/2024/09/09/Tv/video/amanpour-golodryga-coons-ukraine,"'Give Ukraine everything they need to defend themselves,' says Sen. Chris Coons",The leading Democratic Senator and close Biden advisor talks to Bianna Golodryga about concern in Ukraine over the outcome of the U.S. election,"Sep 9, 2024",2024-10-13 13:35:14.878622,Ukraine War,Unknown,Ukraine,
67,CNN,https://www.cnn.com/2024/09/07/world/video/ukraine-dragon-drones-pleitgen-nr-digvid,Ukraine testing new weapon that can ‘rain molten metal’ on Russian units,CNN’s Frederik Pleitgen reports that Ukraine is testing the use of so-called “Dragon Drones” that would drop thermite on Russian units.,"Sep 8, 2024",2024-10-13 13:35:14.878622,Ukraine War,Frederik Pleitgen,Ukraine,
70,CNN,https://www.cnn.com/2024/09/06/Tv/video/amanpour-ukraine-army-chief-oleksandr-syrskyi-exclusive,World exclusive: Ukraine's top general speaks to Amanpour in first TV interview,"General Oleksandr Syrskyi, the Commander-in-Chief of Ukraine’s Armed Forces, talks to Christiane Amanpour in his first television interview since taking up his post about troop morale, and the strategy behind Kyiv’s surprise push into Russia.","Sep 6, 2024",2024-10-13 13:35:14.878622,Ukraine War,Unknown,Ukraine,
72,CNN,https://www.cnn.com/2024/09/05/world/video/ukrainian-soldiers-executed-russia-ebof-digvid,Horrific video appears to show execution of Ukrainian soldiers by Russian troops,"CNN has obtained exclusive video that appears to show Ukrainian troops trying to surrender to Russian forces, only to be gunned down in cold blood. CNN’s Nick Paton Walsh reports.","Sep 6, 2024",2024-10-13 13:35:14.878622,Ukraine War,Nick Paton Walsh,Ukraine,
73,CNN,https://www.cnn.com/2024/09/05/world/video/ukraine-russia-war-syrskyi-amanpour-ldn-digvid,‘The frontline is my life’: Ukraine’s Army Chief on fighting Russia,"In his first-ever television interview, Commander-in-Chief of the Ukrainian Armed Forces, Oleksandr Syrskyi, speaks to CNN’s Christiane Amanpour about Ukraine’s incursion into Russia, morale within the Ukrainian Army and what it’s like ...","Sep 5, 2024",2024-10-13 13:35:14.878622,Ukraine War,Unknown,Ukraine,
76,CNN,https://www.cnn.com/2024/09/05/Tv/video/amanpour-schmale,"‘Whenever Ukrainians have an opportunity they start rebuilding,’ says UN Ukraine coordinator","Bianna Golodryga speaks with Matthias Schmale, the UN Resident and Humanitarian Coordinator in Ukraine, about the humanitarian needs of the Ukrainian people on the frontline.","Sep 5, 2024",2024-10-13 13:35:14.878622,Ukraine War,Unknown,Ukraine,
77,CNN,https://www.cnn.com/2024/09/04/world/video/ukraine-drone-training-school-pleitgen-ebof-digvid,Go inside Ukrainian drone training facility known as the 'kill house',CNN’s Fred Pleitgen goes inside a facility where Ukrainians are training to pilot drones used in the war against Russia.,"Sep 5, 2024",2024-10-13 13:35:14.878622,Ukraine War,Frederik Pleitgen,Ukraine,
78,CNN,https://www.cnn.com/2024/09/04/politics/video/russia-2024-election-interference-merrick-garland-doj-digvid,Merrick Garland shares details of Russian election interference accusations,"The Biden administration announced a sweeping set of actions to tackle a major Russian government-backed effort to influence the 2024 US presidential election, including unveiling criminal charges against two Russian nationals, sanctions on ...","Sep 4, 2024",2024-10-13 13:35:14.878622,Ukraine War,Unknown,Ukraine,
80,CNN,https://www.cnn.com/2024/09/04/politics/video/biden-administration-russia-election-influence-sot-digvid,US to accuse Russia of trying to influence 2024 election,"The Biden administration plans to accuse Russia of a sustained effort to influence the 2024 US elections by using Kremlin-run media and other online platforms to target US voters with disinformation, six sources familiar with the matter told ...","Sep 4, 2024",2024-10-13 13:35:14.878622,Ukraine War,Unknown,Ukraine,
81,CNN,https://www.cnn.com/2024/09/03/world/video/amanpour-dmytro-kuleba-ukraine-poltava,Kuleba speaks to CNN day before tendering resignation,"A day before he tendered his resignation as Ukraine’s foreign minister, Dmytro Kuleba told CNN’s Christiane Amanpour that Russia’s deadly attack on the city of Poltava shows Ukraine’s need for air defense systems.","Sep 4, 2024",2024-10-13 13:35:14.878622,Ukraine War,Ben Kirby,Ukraine,
83,CNN,https://www.cnn.com/2024/09/03/world/video/ukraine-russia-war-dmytro-kuleba-amanpour,Every delay means death: Ukraine's top diplomat calls for more air defense systems after Russia strikes,Ukrainian Foreign Minister Dmytro Kuleba talks to Christiane Amanpour in Kyiv and they discuss the latest Russian strikes in Ukraine as well as Kyiv’s push into Kursk.,"Sep 3, 2024",2024-10-13 13:35:14.878622,Ukraine War,Henry Hullah,Ukraine,
84,CNN,https://www.cnn.com/2024/09/03/world/video/amanpour-dmytro-kuleba-ukraine-mongolia,"'Mongolia decided to blatantly violate its obligations' by receiving Putin, says Ukrainian Foreign Minister",Ukraine’s Foreign Minister Dmytro Kuleba tells Christiane Amanpour that Ukraine “sent a very clear message” to ICC signatory Mongolia ahead of President Putin’s visit.,"Sep 3, 2024",2024-10-13 13:35:14.878622,Ukraine War,Ben Kirby,Ukraine,
85,CNN,https://www.cnn.com/2024/09/03/world/video/russian-strike-facility-ukraine-pleitgen-digvid,Video shows aftermath of massive Russian strike,"A Russian strike against a military educational facility in Poltava, central Ukraine, has killed 41 people and injured more than 180 others, the country’s President Volodymyr Zelensky said on Tuesday. CNN’s Fred Pleitgen reports. ","Sep 4, 2024",2024-10-13 13:35:14.878622,Ukraine War,Unknown,Ukraine,
86,CNN,https://www.cnn.com/2024/09/02/world/video/ukraine-incursion-russia-mines-drones-pleitgen-ebof-digvid,Putin admits 'tough time' after Ukraine conducts major attack in Russia,Senior international correspondent Frederik Pleitgen goes on the ground with Ukrainian soldiers to see how they continue to push back against Russian forces.,"Sep 3, 2024",2024-10-13 13:35:14.878622,Ukraine War,Frederik Pleitgen,Ukraine,
87,CNN,https://www.cnn.com/2024/09/02/world/video/ukraine-russia-unmanned-weapons-factory-amanpour-digvid,Ukrainians are racing to build unmanned war machines to counter Russian manpower,The Ukrainian military is racing to build a fleet of unmanned war machines as it looks to gain the upper hand against Russia. CNN’s Christiane Amanpour reports.,"Sep 3, 2024",2024-10-13 13:35:14.878622,Ukraine War,Unknown,Ukraine,
89,CNN,https://www.cnn.com/2024/09/02/world/video/ukraine-russia-war-defense-alexander-kamyshin-amanpour,"'Embarrassing' to be able to make weapons but not have the funds, says Ukrainian minister",Christiane Amanpour speaks to Ukraine’s Minister of Strategic Industries in Kyiv and they discuss how new domestically-manufactured weaponry will be key to any victory over Russia.,"Sep 2, 2024",2024-10-13 13:35:14.878622,Ukraine War,Henry Hullah,Ukraine,
90,CNN,https://www.cnn.com/2024/09/02/world/video/ukraine-russia-strikes-ldn-digvid,Russian strikes hit multiple cities in Ukraine as children return to school,"Multiple Ukrainian cities were targeted in Russian attacks September 1 and 2, as the Ukrainian school year starts again nationwide.","Sep 2, 2024",2024-10-13 13:35:14.878622,Ukraine War,Unknown,Ukraine,
94,CNN,https://www.cnn.com/2024/08/30/world/video/ukraine-russia-incursion-us-weapons-pleitgen-ebof-digvid,Never-before-seen video of Ukraine’s incursion into Russia,"CNN senior international correspondent Frederik Pleitgen reports on Ukraine’s tactics, including their incursion into Russia, to continue to place pressure on Moscow.","Aug 31, 2024",2024-10-13 13:35:14.878622,Ukraine War,Frederik Pleitgen,Ukraine,
96,CNN,https://www.cnn.com/2024/08/30/world/video/moonfish-fighter-jet-crash-ukraine-russia-war-ldn-digvid,Ukrainian star pilot killed in country's first loss of US-made F-16 jet,"Ukrainian star pilot Oleksiy Mes, known as “Moonfish,” was killed when a US-made F-16 fighter jet crashed while “repelling the biggest ever aerial attack” by Russia against Ukraine. The Ukrainian Defense Forces do not believe a pilot error was ...","Aug 30, 2024",2024-10-13 13:35:14.878622,Ukraine War,Frederik Pleitgen,Ukraine,
98,CNN,https://www.cnn.com/2024/08/29/world/video/ukraine-f16-crashes-npw-nr-intl-digvid,Ukraine says US-made F-16 fighter jet crashed. Here's what we know,"A top Ukrainian pilot was killed when a US-made F-16 fighter jet crashed, just weeks after the long-awaited planes arrived in the country, a Ukrainian military source told CNN. The Ukrainian Defence Forces do not believe pilot error was ...","Aug 29, 2024",2024-10-13 13:35:14.878622,Ukraine War,Nick Paton Walsh,Ukraine,
104,CNN,https://www.cnn.com/2024/08/27/world/video/ukraine-families-evacuate-russian-war-pokrovsk-digvid,Hear from families near Ukraine's frontline struggling with evacuations,"CNN speaks to a mother and young child in Pokrovsk, a town just miles from Ukraine’s frontline battle, about the hardships they face as people are urged to flee for their safety.","Aug 27, 2024",2024-10-13 13:35:14.878622,Ukraine War,Unknown,Ukraine,
106,CNN,https://www.cnn.com/2024/08/26/tv/video/amanpour-dara-massicot,"Kyiv's incursion into Kursk 'shows that Ukraine understands the Russians,' says defense expert","Christiane Amanpour speaks to Dara Massicot, senior fellow in the Russia and Eurasia Program at the Carnegie Endowment for International Peace, about the state of the battlefield in Ukraine and Russia.","Aug 27, 2024",2024-10-13 13:35:14.878622,Ukraine War,Unknown,Ukraine,
107,CNN,https://www.cnn.com/2024/08/26/world/video/russia-missile-attack-kyiv-ukraine-ldn-digvid,Hear from Kyiv residents sheltering underground amid Russian strikes,"Deadly missile strikes from Russia into Ukraine overnight killed at least four people. The strikes, which targeted Ukrainian energy infrastructure and various regions of the country including Kyiv and Odesa, have caused people to seek safety in ...","Aug 26, 2024",2024-10-13 13:35:14.878622,Ukraine War,Unknown,Ukraine,
110,CNN,https://www.cnn.com/2024/08/25/world/video/putin-ukraine-kursk-incursion-dozier-nr-digvid,Expert has theory why Putin hasn’t responded to Ukraine’s attack on Russian city,CNN global affairs analyst Kimberly Dozier says Russian President Vladimir Putin’s muted response to Ukraine’s incursion that is threatening the Russian city of Kursk has made her curious.,"Aug 26, 2024",2024-10-13 13:35:14.878622,Ukraine War,Unknown,Ukraine,
111,CNN,https://www.cnn.com/2024/08/25/world/video/gps0825-ukraine-incursion-into-kursk,On GPS: Ukraine’s two raging battlefronts,"Bianna Golodryga talks with Michael Kofman of the Carnegie Endowment for International Peace about what Ukraine hopes to achieve from its surprise incursion into Russia’s Kursk region, as it also fends off a Russian assault to its ...","Aug 25, 2024",2024-10-13 13:35:14.878622,Ukraine War,Bianna Golodryga,Ukraine,
118,CNN,https://www.cnn.com/2024/08/22/world/video/russia-ukraine-forces-advance-evacuation-digvid,‘Shrapnel was flying everywhere’: Ukrainians flee shattered city as Russians close in,"Residents of eastern city of Pokrovsk, Ukraine, find themselves in a desperate race to evacuate as Russian forces advance.","Aug 23, 2024",2024-10-13 13:35:14.878622,Ukraine War,Unknown,Ukraine,
120,CNN,https://www.cnn.com/2024/08/22/world/video/russia-ukraine-drone-attacks-abdelaziz-nr-intl-digvid,Video shows aftermath of Ukraine's latest attacks inside Russia,"Russian officials say Ukraine launched another cross-border drone attack. In response, Ukrainian officials in and around Pokrovsk are urging residents to flee as Russian forces advance. CNN’s Salma Abdelaziz.","Aug 22, 2024",2024-10-13 13:35:14.878622,Ukraine War,Salma Abdelaziz,Ukraine,
129,CNN,https://www.cnn.com/2024/08/18/world/video/bridge-explosion-ukraine-russia-taylor-nr-digvid,Dramatic video shows Ukrainian troops blowing up bridge in Kursk region,Former US Ambassador to Ukraine William Taylor reacts to Ukrainian troops blowing up a second bridge in the Kursk Russian territory.,"Aug 19, 2024",2024-10-13 13:35:14.878622,Ukraine War,Unknown,Ukraine,
130,CNN,https://www.cnn.com/2024/08/17/world/video/russia-supply-bridge-blast-video-ukraine-strike-hertling-digvid,New video shows Ukraine striking deep inside Russia,Lt. General Mark Hertling (Ret.) weighs in on new video showing Ukraine striking deep inside Russia and the resulting annihilation of a key supply bridge in Russia.,"Aug 18, 2024",2024-10-13 13:35:14.878622,Ukraine War,Unknown,Ukraine,
131,CNN,https://www.cnn.com/2024/08/18/world/video/on-gps-what-putin-is-really-after,On GPS: What Putin is really after,Fareed speaks with Russian journalist and author Mikhail Zygar about how Kyiv’s Kursk offensive may shape the course of the war — and what Russian President Vladimir Putin really wants by invading Ukraine.,"Aug 18, 2024",2024-10-13 13:35:14.878622,Ukraine War,Fareed Zakaria,Ukraine,
132,CNN,https://www.cnn.com/2024/08/18/world/video/gps-0818-ukrainian-strategy-in-kursk,On GPS: Russia will face ‘more surprises’ from Ukraine,Former Ukrainian Defense Minister Andriy Zagorodnyuk tells Fareed that Ukraine’s surprise incursion into Russia reflects a strategy of asymmetric warfare.,"Aug 18, 2024",2024-10-13 13:35:14.878622,Ukraine War,Fareed Zakaria,Ukraine,
137,CNN,https://www.cnn.com/2024/08/16/world/video/ukraine-occupied-town-russia-npw-digvid,CNN gains access to Ukrainian-held Russian town,"CNN Chief International Security Correspondent Nick Paton Walsh gains access inside the Russian town of Sudzha, a city that Ukrainian President Zelensly says his forces now occupy. CNN was accompanied by the Ukrainian military who ...","Aug 17, 2024",2024-10-13 13:35:14.878622,Ukraine War,Unknown,Ukraine,
138,CNN,https://www.cnn.com/2024/08/16/world/video/npw-russia-ukraine-sudzha-digvid,Nick Paton Walsh takes ‘very surreal’ journey through Ukrainian-held Russian town,"Chief International Security Correspondent Nick Paton Walsh gained some of the first access to a Ukrainian-held Russian town Friday, to witness their control over the town of Sudzha and the intensity of the fight. CNN was accompanied by the ...","Aug 16, 2024",2024-10-13 13:35:14.878622,Ukraine War,Unknown,Ukraine,
142,CNN,https://www.cnn.com/2024/08/15/world/video/ukraine-russia-border-nick-paton-walsh-digvid,‘Completely undefended’: Nick Paton Walsh reports from Russian border point,CNN Chief International Security Correspondent Nick Paton Walsh reports from Russia and Ukraine’s border as Ukraine’s forces advance farther into Russia following their surprise incursion.,"Aug 16, 2024",2024-10-13 13:35:14.878622,Ukraine War,Unknown,Ukraine,
143,CNN,https://www.cnn.com/2024/08/15/world/video/russia-ukraine-latest-pleitgen-digvid,See the latest footage from Russia as Ukraine advances,CNN’s Fred Pleitgen reports as Ukraine’s forces advance farther into Russia following their surprise incursion last week.,"Aug 15, 2024",2024-10-13 13:35:14.878622,Ukraine War,Unknown,Ukraine,
146,CNN,https://www.cnn.com/2024/08/14/world/video/russia-ukraine-advances-war-ebof-digvid,"Russia offers $1,600-$4,000 for trench-digging jobs as Ukraine forces advance","Ukraine is pushing farther into Russia’s Kursk region after claiming hundreds of square miles of territory. CNN has uncovered online job vacancies for trench diggers in Russia’s Kursk region, as satellite imagery shows a new trench ...","Aug 15, 2024",2024-10-13 13:35:14.878622,Ukraine War,Unknown,Ukraine,
147,CNN,https://www.cnn.com/world/live-news/ukraine-russia-war-kursk-incursion-08-14-24/index.html,"Ukraine advances farther into Russia as Kursk attack enters second week, Zelensky says","Ukraine is pushing farther into Russia’s Kursk region after claiming hundreds of square miles of territory in a surprise cross-border attack that began last week, Ukraine’s President Volodymyr Zelensky says. Another Russian border region, ...","Aug 15, 2024",2024-10-13 13:35:14.878622,Ukraine War,Antoinette Radford,Ukraine,
148,CNN,https://www.cnn.com/2024/08/15/world/video/ron-davis-alvarez-dream-orchestra-refugees-cnnheroes,They fled Ukraine for a better life. Watch how this man and his orchestra changed everything for them,"Go inside the Dream Orchestra, a group of more than 300 people speaking 20 languages and united by music. It was founded by CNN Hero Ron Davis Alvarez.","Aug 15, 2024",2024-10-13 13:35:14.878622,Ukraine War,Unknown,Ukraine,
149,CNN,https://www.cnn.com/2024/08/14/world/video/kursk-incursion-ukraine-russia-ldn-digvid,Maps show where Ukrainian forces have entered Russia,Maps and geolocated videos show how Ukrainian troops have advanced into Russia’s Kursk region over the past week. CNN’s Nathan Hodge explains what’s behind this new offensive.,"Aug 14, 2024",2024-10-13 13:35:14.878622,Ukraine War,Unknown,Ukraine,
151,CNN,https://www.cnn.com/2024/08/14/world/video/ukraine-russia-war-soldiers-blindfolded-afp-digvid,Ukrainian truck seen transporting apparent Russian soldiers blindfolded,New footage captured by AFP reveals a Ukrainian truck transporting blindfolded individuals believed to be Russian soldiers. CNN’s Clare Sebastian reports.,"Aug 15, 2024",2024-10-13 13:35:14.878622,Ukraine War,Unknown,Ukraine,
152,CNN,https://www.cnn.com/2024/08/13/world/video/russian-attack-air-ukrainian-forces-pleitgen-pkg-ebof-digvid,Video shows Russian attack gunship firing at Ukrainian forces from the air,CNN’s Fred Pleitgen reports on new video showing Russian attack gunship firing at Ukrainian forces from the air and what the Kremlin may be trying to show with this footage.,"Aug 14, 2024",2024-10-13 13:35:14.878622,Ukraine War,Frederik Pleitgen,Ukraine,
156,CNN,https://www.cnn.com/2024/08/12/world/video/vladimir-kara-murza-putin-russia-ebof-digvid,Freed Putin critic describes life in harsh Russian prisons,"Vladimir Kara-Murza, a Russian opposition politician freed in the massive prisoner swap with Russia, tells CNN’s Erin Burnett about the brutal conditions of living in solitary confinement at a Russian prison.","Aug 13, 2024",2024-10-13 13:35:14.878622,Ukraine War,Unknown,Ukraine,
157,CNN,https://www.cnn.com/2024/08/12/world/video/ukraine-russia-incursion-leighton-putin-nr-digvid,Hear why retired colonel says this Ukraine incursion is 'taking its toll on Putin',Retired Col. Cedric Leighton joins CNN’s Brianna Keilar to discuss Ukrainian troops that are now in control of dozens of Russian villages and large swathes of land a week into Kyiv’s surprise cross-border incursion.,"Aug 13, 2024",2024-10-13 13:35:14.878622,Ukraine War,Unknown,Ukraine,
158,CNN,https://www.cnn.com/2024/08/12/tv/video/amanpour-john-sullivan-russia-ukraine-kursk-trump,Ukrainians found a weak spot: Former US Ambassador on Kyiv’s push into Russia,"John Sullivan, former US Ambassador to Russia, talks to Christiane Amanpour about the surprise Ukrainian incursion into Russian territory, and his time working under Donald Trump.","Aug 12, 2024",2024-10-13 13:35:14.878622,Ukraine War,Unknown,Ukraine,
164,CNN,https://www.cnn.com/2024/08/09/homepage/video/burnt-russian-trucks-kursk-digvid,Video shows burnt-out Russian trucks with bodies in Kursk region,"A video appears to show a convoy of about a dozen burnt-out Russian military trucks in Ukraine’s southwestern Kursk region, as Ukrainian cross-border assaults continue.","Aug 10, 2024",2024-10-13 13:35:14.878622,Ukraine War,Unknown,Ukraine,
165,CNN,https://www.cnn.com/2024/08/10/sport/video/ukrainian-swimmers-olympics-pleitgen-digvid,Ukrainian swimmers endure danger to compete in Olympics,"Twin sisters from Kharkiv, Ukraine, have endured training under near constant fire to compete in synchronized swimming at the Paris Olympics. CNN’s Fred Pleitgen reports.","Aug 9, 2024",2024-10-13 13:35:14.878622,Ukraine War,Unknown,Ukraine,
168,CNN,https://www.cnn.com/2024/08/08/tv/video/amanpour-gottemoeller,"Ukraine is 'trying to insert uncertainty on Russian side,' says former NATO official",Bianna Golodryga speaks with former NATO Deputy Secretary General Rose Gottemoeller about the Ukrainian incursion into Russian territory.,"Aug 8, 2024",2024-10-13 13:35:14.878622,Ukraine War,Unknown,Ukraine,
170,CNN,https://www.cnn.com/2024/08/07/world/video/russia-attack-ukraine-kursk-region-digvid,Video shows fighter jets flying over road during attack on Russian border town,"Russia accused Ukrainian troops of crossing the border into the Kursk region, which, if confirmed, marks the first incursion of its kind from Ukraine and puts pressure on Moscow.","Aug 8, 2024",2024-10-13 13:35:14.878622,Ukraine War,Nick Paton Walsh,Ukraine,
175,CNN,https://www.cnn.com/2024/08/04/world/video/on-gps-are-western-sanctions-on-russia-working,On GPS: Are western sanctions on Russia working?,Fareed asks longtime Kremlin critic William Browder about the recent historic prisoner swap between the west and Russia – and whether Western sanctions on Moscow are having any effect.,"Aug 4, 2024",2024-10-13 13:35:14.878622,Ukraine War,Darsen Hover,Ukraine,
179,CNN,https://www.cnn.com/world/live-news/gershkovich-whelan-russia-prisoner-swap-08-02-24/index.html,Americans Gershkovich and Whelan back home after historic prisoner swap,"Wall Street Journal reporter Evan Gershkovich, former US Marine Paul Whelan and Russian-American journalist Alsu Kurmasheva are back in the United States, following the biggest prisoner exchange between Russia and the West since the ...","Aug 2, 2024",2024-10-13 13:35:14.878622,Ukraine War,Elise Hammond,Ukraine,
180,CNN,https://www.cnn.com/2024/08/01/world/video/russia-prisoner-swap-advice-pussy-riot-cprog-digvid,She was held in Russian prison for years. What she wants newly released prisoners to know,"After the biggest prisoner exchange between Russia and the West since the Cold War, Pussy Riot’s Nadya Tolokonnikova, who spent nearly two years in a Russian penal colony, told CNN what she wants the dozens of released prisoners to know.","Aug 2, 2024",2024-10-13 13:35:14.878622,Ukraine War,John General,Ukraine,
181,CNN,https://www.cnn.com/2024/08/01/world/video/putin-welcomes-prisoners-swap-nc-digvid,See Putin welcome Russian prisoners back to Moscow after swap,"Russian President Vladimir Putin receives the Russian citizens released in a prisoner swap with the US as they disembarked a plane upon arrival in Moscow from Ankara, Turkey.","Aug 2, 2024",2024-10-13 13:35:14.878622,Ukraine War,Unknown,Ukraine,
183,CNN,https://www.cnn.com/2024/08/01/tv/video/amanpour-russia-prisoner-exchange-mikhail-zygar,What’s motivating Putin? Exiled Russian journalist reacts to prisoner exchange,,"Aug 1, 2024",2024-10-13 13:35:14.878622,Ukraine War,Unknown,Ukraine,
184,CNN,https://www.cnn.com/2024/08/01/world/video/russia-usa-prisoner-exchange-ldn-digvid,Russia releases Evan Gershkovich and Paul Whelan in massive prisoner swap,"American citizens Paul Whelan and Evan Gershkovich are expected to be part of a historic prisoner swap between Russia and the United States. Whelan, an ex-US marine, was arrested in Moscow in 2018, subsequently charged with espionage ...","Aug 1, 2024",2024-10-13 13:35:14.878622,Ukraine War,Unknown,Ukraine,
196,CNN,https://www.cnn.com/videos/world/2024/07/21/gps-0721-nato-and-a-potential-trump-presidency.cnn,On GPS: Why Europe is anxious about a Trump-Vance victory,Fareed speaks to former Prime Minister of Sweden Carl Bildt about a potential Donald Trump and JD Vance led White House and European concerns about what that would mean for the future of NATO and America’s support for Ukraine.,"Jul 21, 2024",2024-10-13 13:35:14.878622,Ukraine War,Unknown,Ukraine,
200,CNN,https://www.cnn.com/2024/07/19/politics/video/trump-phone-call-zelensky-ukraine-bolton-source-digvid,‘This is nuts’: Bolton on Trump plans for Ukraine,CNN’s Kaitlan Collins speaks with former Trump national security adviser John Bolton regarding Trump’s phone call with Zelensky and the potential consequences of another presidency on Ukraine.,"Jul 20, 2024",2024-10-13 13:35:14.878622,Ukraine War,Kaitlan Collins,Ukraine,
201,CNN,https://www.cnn.com/2024/07/19/world/video/evan-gershkovich-verdict-guilty-russia-court-wsj-digvid,See the moment Evan Gershkovich is sentenced in Russian court,"Wall Street Journal reporter Evan Gershkovich has been found guilty of spying by a Russian court and sentenced to 16 years in prison following a trial that the US government, his newspaper and supporters have denounced as a sham. ","Jul 19, 2024",2024-10-13 13:35:14.878622,Ukraine War,Unknown,Ukraine,
205,CNN,https://www.cnn.com/2024/07/17/sport/video/ukrainian-high-jumper-kateryna-tabashnyk-pkg-olympics-2024-digvid,'I wanted to give it all up': Ukrainian athlete pushes through despite tragic loss,"CNN’s Amanda Davies interviews Ukrainian high jumper Kateryna Tabashnyk, who continues to compete despite personal tragedy.","Jul 17, 2024",2024-10-13 13:35:14.878622,Ukraine War,Unknown,Ukraine,
212,CNN,https://www.cnn.com/2024/07/12/world/video/biden-nato-summit-russia-reaction-digvid,This is how Kremlin-controlled media seized on Biden's performance at NATO,"Russian state media has been playing up President Biden’s gaffe during his speech at the NATO summit on July 11, when he introduced Ukrainian President Zelensky on stage as Russian President Putin. Biden later corrected his mistake; ...","Jul 12, 2024",2024-10-13 13:35:14.878622,Ukraine War,Unknown,Ukraine,
214,CNN,https://www.cnn.com/2024/07/11/politics/video/biden-calls-zelensky-putin-nato-summit-digvid,See moment Biden mistakenly calls Zelensky 'President Putin',President Joe Biden mistakenly referred to Ukrainian President Volodymyr Zelensky as “President Putin” during remarks. CNN’s Kaitlan Collins reacts to the moment.,"Jul 12, 2024",2024-10-13 13:35:14.878622,Ukraine War,Unknown,Ukraine,
216,CNN,https://www.cnn.com/2024/07/11/tv/video/amanpour-kuleba,"'We can't wait another 75 years' to join NATO, says Ukraine's Foreign Minister","Christiane Amanpour speaks with Dmytro Kuleba, the Ukrainian Foreign Minister, on his hopes for the outcome of the NATO summit in Washington, DC.","Jul 11, 2024",2024-10-13 13:35:14.878622,Ukraine War,Unknown,Ukraine,
218,CNN,https://www.cnn.com/2024/07/11/world/video/putin-trips-asia-foreign-leaders-digvid,Map shows Putin's recent uptick in foreign trips - and they're mostly to this region,"China, North Korea, Vietnam - over just the last two months, Russia’s President Vladimir Putin has been making frequent visits to Asia. He’s also been travelling a lot more recently compared to 2023. CNN’s Clare Sebastian breaks down where ...","Jul 11, 2024",2024-10-13 13:35:14.878622,Ukraine War,Unknown,Ukraine,
220,CNN,https://www.cnn.com/2024/07/11/world/video/exclusive-footage-captures-russian-led-saboteur-in-the-act,Exclusive footage captures Russian-led saboteur in the act,"Russia has been engaged in a “bold” sabotage operation across NATO’s member states for more than six months, targeting the supply lines of weapons for Ukraine and the decision-makers behind it, according to a senior NATO official. CNN’s ...","Jul 11, 2024",2024-10-13 13:35:14.878622,Ukraine War,Unknown,Ukraine,
221,CNN,https://www.cnn.com/2024/07/10/politics/video/kirby-us-election-putin-russia-sitroom-digvid,WH official says 'expect the worst out of Mr. Putin',White House national security communications adviser John Kirby joins CNN’s Wolf Blitzer to discuss Russia’s efforts to influence the 2024 US election. ,"Jul 11, 2024",2024-10-13 13:35:14.878622,Ukraine War,Unknown,Ukraine,
223,CNN,https://www.cnn.com/2024/07/10/world/video/the-lead-peter-szijjarto-hungary-prime-minister-russia-ukraine-war-jake-tapper,Hungarian FM: Better for us when Trump was in office,Péter Szijjártó joins The Lead,"Jul 11, 2024",2024-10-13 13:35:14.878622,Ukraine War,Unknown,Ukraine,
224,CNN,https://www.cnn.com/2024/07/10/tv/video/amanpour-nato-summit-german-foreign-minister-annalena-baerbock,German FM: We must 'stay united in our common goal of defending our democracy',"German Foreign Minister Annalena Baerbock joins Christiane Amanpour from the NATO Summit in Washington to discuss supporting Ukraine’s war, combatting the rise of the far right in Europe and bringing peace to Israel and Gaza.","Jul 10, 2024",2024-10-13 13:35:14.878622,Ukraine War,Unknown,Ukraine,
226,CNN,https://www.cnn.com/2024/07/10/world/video/russian-sabotage-nato-ukraine-npw-ldn-digvid,See CCTV footage that led to capture of saboteur hired by Russia,CNN’s Nick Paton Walsh reports on suspected acts of Russian sabotage across Europe in an effort to weaken NATO supply lines providing weapon supplies to Ukraine.,"Jul 10, 2024",2024-10-13 13:35:14.878622,Ukraine War,Nick Paton Walsh,Ukraine,
231,CNN,https://www.cnn.com/2024/07/09/tv/video/amanpour-nuland-ukraine-nato-summit,‘Putin will face a spikier porcupine in the future’: Veteran diplomat on NATO support for Ukraine,"Former State Department senior official Victoria Nuland believes Ukraine will prevail over Putin’s Russia, with NATO’s support. ","Jul 9, 2024",2024-10-13 13:35:14.878622,Ukraine War,Unknown,Ukraine,
233,CNN,https://www.cnn.com/2024/07/09/world/video/modi-putin-hug-moment-pleitgen-reaction-nr-digvid,CNN reporter describes outrage after photo of Modi and Putin is released,Ukrainian President Volodymyr Zelensky criticized his Indian counterpart’s visit to Moscow after Prime Minister Modi and Vladimir Putin were photographed hugging on the same day that a Russian missile struck a children’s hospital in Kyiv.,"Jul 9, 2024",2024-10-13 13:35:14.878622,Ukraine War,Unknown,Ukraine,
234,CNN,https://www.cnn.com/2024/07/09/world/video/ukraine-children-hospital-missile-strike-ldn-digvid,CNN reporter shows impact of missile strike on Ukrainian children's hospital,CNN’s Fred Pleitgen reports from the Ukraine’s largest children’s hospital in Kyiv that was partially destroyed in a deadly missile strike.,"Jul 9, 2024",2024-10-13 13:35:14.878622,Ukraine War,Frederik Pleitgen,Ukraine,
239,CNN,https://www.cnn.com/2024/07/08/world/video/ukraine-childrens-hospital-strike-digvid,Video shows a Ukrainian children’s hospital struck by missile,"A Russian missile strike partially destroyed Ukraine’s largest children’s hospital in Kyiv, killing at least 31 people and injuring 125 others, according to Ukraine’s emergency service. ","Jul 8, 2024",2024-10-13 13:35:14.878622,Ukraine War,Unknown,Ukraine,
247,CNN,https://www.cnn.com/2024/07/03/tv/video/amanpour-carl-bildt-europe,"Russia is beginning a 'clandestine war' inside Europe, says former Swedish Prime Minister",Paula Newton asks former Swedish Prime Minister Carl Bildt about what will happen if Russia wins Ukraine and the growing far-right in Europe.,"Jul 3, 2024",2024-10-13 13:35:14.878622,Ukraine War,Unknown,Ukraine,
252,CNN,https://www.cnn.com/2024/07/01/world/video/ukraine-war-olympic-athletes-competing-paris-davies-intl-digivid,‘I don’t know if I will see him again’: Ukrainian Olympic hurdler describes heartbreak of competing during war,"400 meter hurdler Victoriia Tkachuk is one of over 100 athletes Ukraine will send to the 2024 Summer Olympics in Paris amidst a full-scale invasion of her home country by Russia. She’s leaving her brother, Ivan, behind.","Jul 3, 2024",2024-10-13 13:35:14.878622,Ukraine War,Unknown,Ukraine,
253,CNN,https://www.cnn.com/2024/07/01/tv/video/amanpour-nato-ukraine-ambassador-julianne-smith,What the US election means for Ukraine,US Ambassador to NATO Julianne Smith talks to Christiane Amanpour about what the Biden-Trump re-match could mean for NATO and Ukraine.,"Jul 1, 2024",2024-10-13 13:35:14.878622,Ukraine War,Unknown,Ukraine,
255,CNN,https://www.cnn.com/videos/sports/2024/07/01/exp-ukraine-road-to-olympics-070107aseg1-cnni-sports.cnn,World Athletics President Seb Coe visits Ukraine in road to the Olympics,Ukraine’s Olympic team will be fighting for more than just medals at Paris 2024 - after a build-up marked by war. Two-time gold medal winner and World Athletics President Seb Coe knows how hard the road to Olympic glory can be – and is ...,"Jul 1, 2024",2024-10-13 13:35:14.878622,Ukraine War,Unknown,Ukraine,
262,CNN,https://www.cnn.com/2024/06/26/tv/video/amanpour-kruscheva-gershkovich,‘All bets are off’: Nina Krushcheva on Evan Gershkovich espionage trial,The historian and great-granddaughter of former Soviet leader Nikita Krushchev says “there is really no legal system in Russia.” ,"Jun 27, 2024",2024-10-13 13:35:14.878622,Ukraine War,Unknown,Ukraine,
272,CNN,https://www.cnn.com/2024/06/21/world/video/ukraine-us-bertrand-live-062110aseg1-cnn-world-fast,Ukraine gets top priority spot for receiving U.S. air defenses,CNN National Security Correspondent Natasha Bertrand explains a key shift in U.S. policy as Kyiv gets set to skip the line of other countries waiting to receive air defense capabilities.,"Jun 21, 2024",2024-10-13 13:35:14.878622,Ukraine War,Unknown,Ukraine,
273,CNN,https://www.cnn.com/2024/06/21/world/video/chance-pkg-062112aseg2-cnni-world-fast,Russian court begins hearing treason case against U.S.-Russian citizen,"Ksenia Karelina is accused of committing treason, over a $50 donation to a Ukrainian charity. Matthew Chance reports.","Jun 21, 2024",2024-10-13 13:35:14.878622,Ukraine War,Unknown,Ukraine,
278,CNN,https://www.cnn.com/2024/06/20/world/video/beluga-whales-rescue-ukraine-abdelaziz-intl-cprog-digvid,A pair of whales were rescued out of Ukraine. See their journey,"Two beluga whales, 15-year-old Plombir and 14-year-old Miranda, have been rescued from Kharkiv, Ukraine. The pair were taken to an aquarium in Valencia, Spain in a complex operation that saw them travel out of a war zone and across ...","Jun 21, 2024",2024-10-13 13:35:14.878622,Ukraine War,Unknown,Ukraine,
279,CNN,https://www.cnn.com/2024/06/20/sport/video/ukranian-soldiers-national-soccer-team-spt-ldn-digvid,Ukrainian soldiers cheer on national soccer team from the frontline,"On June 17, Ukrainian soldiers from the frontline sat down to watch the national soccer team play in their Euro 2024 opening match against Romania where Ukraine lost 3-0.","Jun 20, 2024",2024-10-13 13:35:14.878622,Ukraine War,Unknown,Ukraine,
281,CNN,https://www.cnn.com/2024/06/19/world/video/amanpour-sue-mi-terry-putin-north-korea-intw-fst-06191pseg1-cnni-world-fast,"‘Putin is very desperate’, says former CIA Senior Analyst",Bianna Golodryga speaks to former CIA Senior Analyst Sue Mi Terry about Vladimir Putin’s trip to North Korea.,"Jun 20, 2024",2024-10-13 13:35:14.878622,Ukraine War,Unknown,Ukraine,
284,CNN,https://www.cnn.com/2024/06/19/world/video/kharkiv-russia-setbacks-pleitgen-pkg-061901aseg2-cnni-world-fast,Ukraine pouring troops into contested Kharkiv region,"Moscow’s military launched a surprise offensive targeting the North East of Ukraine earlier this year, destroying a key town and gaining a foothold not far from the second largest city, Kharkiv. But CNN’s Fred Pleitgen reports, the Ukrainians ...","Jun 19, 2024",2024-10-13 13:35:14.878622,Ukraine War,Unknown,Ukraine,
285,CNN,https://www.cnn.com/2024/06/19/world/video/putin-kju-russia-north-korea-ripley-pkg-061912aseg1-cnni-world-fast,Kim Jong Un greets Vladimir Putin in North Korea,Russian President Vladimir Putin has landed in North Korea for a rare visit that signals the countries’ deepening alignment and Moscow’s need to source weapons from Pyongyang to sustain its war on Ukraine. CNN’s Will Ripley reports.,"Jun 19, 2024",2024-10-13 13:35:14.878622,Ukraine War,Unknown,Ukraine,
288,CNN,https://www.cnn.com/2024/06/18/world/video/stoltenberg-washington-visit-ukraine-michael-bociurkiw-intv-061802aseg1-cnni-world-fast,NATO chief reaffirms alliance's support for Ukraine during visit to Washington,"CNN’s Rosemary Church talks to the Atlantic Council’s Michael Bociurkiw about NATO chief Jens Stoltenberg’s visit to Washington this week, which comes on the heels of the G7 meeting in Italy and the Ukraine peace summit in Switzerland.","Jun 18, 2024",2024-10-13 13:35:14.878622,Ukraine War,Unknown,Ukraine,
290,CNN,https://www.cnn.com/2024/06/17/world/video/russia-ukraine-war-guest-live-061702pseg1-cnni-world-fast,Ukrainian border town hit as Russia's offensive in northeast continues,"Isa Soares speaks with Alexander Rodnyansky, economic adviser to Ukrainian President Volodymyr Zelensky, about the fierce fighting on the front lines, and achievements from the recent Ukraine Peace Summit.","Jun 18, 2024",2024-10-13 13:35:14.878622,Ukraine War,Unknown,Ukraine,
291,CNN,https://www.cnn.com/2024/06/17/world/video/lgbtq-pride-kyiv-ukraine-digvid,See how Ukraine celebrated first pride parade since invasion,"Under threat of shelling, members of Ukraine’s LGBTQ community held their first Pride march since the start of the war, in an effort to show an increasingly intolerant Russia that they are a very different country.","Jun 17, 2024",2024-10-13 13:35:14.878622,Ukraine War,Unknown,Ukraine,
292,CNN,https://www.cnn.com/2024/06/17/world/video/ukraine-peace-summit-clare-sebastian-live-06173aseg1-cnni-world-fast,Ukraine summit ends with a new plea for peace,A two-day summit in Switzerland dedicated to forging a path forward to end the war in Ukraine has concluded. CNN’s Clare Sebastian joins Anna Coren to discuss what came out of the Ukraine Peace Conference.,"Jun 17, 2024",2024-10-13 13:35:14.878622,Ukraine War,Unknown,Ukraine,
294,CNN,https://www.cnn.com/2024/06/17/world/video/ukraine-russia-peace-summit-zelensky-holmes-dnt-06171aseg1-cnni-world-fast,More than 80 countries back Ukraine's 'territorial integrity' as Peace Summit concludes,"There will be no lasting peace for Ukraine “without territorial integrity,” Ukrainian President Volodymyr Zelensky warned as his two-day peace summit wrapped in Switzerland. CNN’s Michael Holmes reports.","Jun 17, 2024",2024-10-13 13:35:14.878622,Ukraine War,Unknown,Ukraine,
295,CNN,https://www.cnn.com/2024/06/16/politics/video/donald-trump-michigan-campaign-event-zelensky-ukraine-cohen-digvid,Hear former defense secretary under Clinton react to Trump's comments about Zelensky,"Former President Donald Trump commented on Ukrainian President Volodymyr Zelensky and the war in Ukraine while speaking at an event hosted by Turning Point Action in Michigan. William Cohen, Cohen Group CEO and former ...","Jun 17, 2024",2024-10-13 13:35:14.878622,Ukraine War,Unknown,Ukraine,
296,CNN,https://www.cnn.com/videos/world/2024/06/16/gps-0616-the-controversy-over-frozen-russian-assets.cnn,On GPS: The controversy over using frozen Russian assets to aid Ukraine,"Financial Times columnist Gillian Tett explains to Fareed the controversy over the roughly $300 billion in frozen Russian assets currently held in the west, and what G7 leaders plan to do with those funds.","Jun 17, 2024",2024-10-13 13:35:14.878622,Ukraine War,Unknown,Ukraine,
299,CNN,https://www.cnn.com/2024/06/16/world/video/ukraine-kharkiv-maria-avdeeva-intv-06165aseg1-cnni-world-fast,Assessing the security situation in Kharkiv,"Security analyst Maria Avdeeva joins CNN’s Anna Coren to discuss morale in Kharkiv, Ukraine following the Biden administration’s decision to allow the use of U.S. weapons inside Russia and the significance of the G7 summit and Ukraine ...","Jun 16, 2024",2024-10-13 13:35:14.878622,Ukraine War,Unknown,Ukraine,
300,CNN,https://www.cnn.com/2024/06/16/world/video/fix-intv-061601a-seg1-cnni-world-fast,Volodymyr Zelensky looks for international support for peace plan,"Michael Holmes speaks with Dr. Liana Fix, from the Council on Foreign Relations, about the Ukraine peace summit, and what a successful outcome would look like.","Jun 16, 2024",2024-10-13 13:35:14.878622,Ukraine War,Unknown,Ukraine,
302,CNN,https://www.cnn.com/2024/06/15/world/video/browder-putin-russia-sanctions-intv-coren-061504aseg2-cnni-world-fast,Western response to 'thugs' like Putin needs to be more aid to Ukraine,Bill Browder explains why the latest sanctions and use of frozen Russian assets to aid Ukraine is not enough to fight Vladimir Putin.,"Jun 15, 2024",2024-10-13 13:35:14.878622,Ukraine War,Unknown,Ukraine,
305,CNN,https://www.cnn.com/2024/06/14/world/video/lee-pkg-061403a-seg1cnni-world-fast,G7 leaders agree on $50 billion loan for Ukraine,"MJ Lee reports on the G7 summit, which saw the U.S. and Ukraine signing a major security pact, as well President Biden fielding questions about his son’s conviction.","Jun 14, 2024",2024-10-13 13:35:14.878622,Ukraine War,Unknown,Ukraine,
306,CNN,https://www.cnn.com/2024/06/14/world/video/mylovanov-intv-061402a-cnni-world-fast,U.S. signs 10-year security pact with Ukraine,"Anna Coren speaks to Tymofiy Mylovanov, President of the Kyiv School of Economics and former Ukrainian Minister of Economic development about the major security pact signed by the U.S. and Ukraine, and what it could mean for ...","Jun 14, 2024",2024-10-13 13:35:14.878622,Ukraine War,Unknown,Ukraine,
307,CNN,https://www.cnn.com/2024/06/14/world/video/tocci-arnaud-aman-web,G7 leaders meet after far right surge in EU elections,"As G7 leaders gather in Italy, Director for Istituto Affari Internazionali Nathalie Tocci and BFMTV journalist Thierry Arnaud tell Christiane Amanpour what the far right surge in EU elections means for Ukraine and the world.","Jun 14, 2024",2024-10-13 13:35:14.878622,Ukraine War,Arnaud Siad,Ukraine,
308,CNN,https://www.cnn.com/2024/06/14/world/video/g7-italy-robertson-pkg-061412aseg1-cnni-world-fast,Ukraine dominates Day One at G7,"Western leaders agree to new measures to support Ukraine and punish Russia at the annual G7 summit. Nic Robertson reports from Monopoli, Italy.","Jun 14, 2024",2024-10-13 13:35:14.878622,Ukraine War,Unknown,Ukraine,
310,CNN,https://www.cnn.com/europe/live-news/biden-zelensky-g7-summit-06-13-24/index.html,Biden and Zelensky lay out new US support for Ukraine,US President Joe Biden and Ukrainian President Volodymyr Zelensky signed a new security agreement Thursday as world leaders gathered for the G7 summit in Italy.,"Jun 14, 2024",2024-10-13 13:35:14.878622,Ukraine War,Maureen Chowdhury,Ukraine,
313,CNN,https://www.cnn.com/2024/06/13/world/video/tocci-arnaud-intv-fst-061301pseg1-cnni-world-fast,Some right wing European politicians “more open” to financial support of Ukraine,Christiane Amanpour speaks with political scientist Nathalie Tocci and Senior International Correspondent for the French channel BFMTV about the G7 meeting in Italy.,"Jun 13, 2024",2024-10-13 13:35:14.878622,Ukraine War,Unknown,Ukraine,
314,CNN,https://www.cnn.com/2024/06/13/world/video/g7-leaders-gather-in-italy-with-major-issues-on-the-table,G7 leaders gather in Italy with major issues on the table,"Max Boot joins Fredricka Whitfield to discuss the challenges facing the G7, from the war in Ukraine to the mideast crisis. ","Jun 13, 2024",2024-10-13 13:35:14.878622,Ukraine War,Unknown,Ukraine,
316,CNN,https://www.cnn.com/2024/06/13/world/video/g7-ukraine-loan-56-billion-russian-sanctions-assets-vindman-cnc-digvid,G7 set to loan $56B of Russian profits to Ukraine. Why retired colonel calls it the right move,"According to sources, G7 leaders plan to announce an agreement to loan money to Ukraine backed by the profits from frozen Russian investments. Retired Lt. Col. Alexander Vindman explains why this is a move in the right direction for Ukraine.","Jun 13, 2024",2024-10-13 13:35:14.878622,Ukraine War,Unknown,Ukraine,
318,CNN,https://www.cnn.com/2024/06/13/world/video/ukraine-prisoner-recruits-sebastian-pkg-ldn-digvid,Exclusive video shows inside Ukrainian prison as inmates join frontlines,Ukraine’s latest effort to solve a manpower shortage in their fight against Russia is recruiting prisoners. CNN’s Clare Sebastian reports.,"Jun 13, 2024",2024-10-13 13:35:14.878622,Ukraine War,Clare Sebastian,Ukraine,
320,CNN,https://www.cnn.com/2024/06/13/world/video/ukraine-prisoners-enlist-military-sebastian-pkg-061302aseg1-cnni-world-fast,Ukraine offers enlistment-for-parole deal to prisoners,CNN’s Clare Sebastian reports on Kyiv’s newest effort to boost its military manpower: offering Ukrainian prisoners the chance to get early parole by enlisting in the military. ,"Jun 13, 2024",2024-10-13 13:35:14.878622,Ukraine War,Unknown,Ukraine,
324,CNN,https://www.cnn.com/videos/tv/2024/06/12/exp-tsr-todd-russian-warships-visit-cuba.cnn,Putin's warships visit Cuba,"Soon after complaining about US missiles in Ukraine, Putin sends a flagship to Havana that carries hypersonic missiles.","Jun 13, 2024",2024-10-13 13:35:14.878622,Ukraine War,Unknown,Ukraine,
326,CNN,https://www.cnn.com/videos/sports/2024/06/11/exp-lewandowski-poland-euros-061107aseg1-cnni-sports-fast.cnn,"Lewandowski, Poland aim to defy odds at Euro 2024","For Poland just to be at this summer’s Euros can, to some extent, already be classified as an achievement. They were the last team to book their ticket to Germany having endured one of their worst qualification campaigns in recent ...","Jun 11, 2024",2024-10-13 13:35:14.878622,Ukraine War,Unknown,Ukraine,
328,CNN,https://www.cnn.com/2024/06/10/world/video/the-problem-in-europe-is-the-chaos-of-the-organization-of-elections-says-former-italian-pm,"‘The problem in Europe is the chaos"" of the organization of elections, says Former Italian PM",,"Jun 10, 2024",2024-10-13 13:35:14.878622,Ukraine War,Unknown,Ukraine,
329,CNN,https://www.cnn.com/2024/06/10/world/video/european-union-elections-john-rentoul-intv-061002aseg1-cnni-world-fast,Far-right parties projected to win record number of seats in European Parliament,CNN’s Lynda Kinkade talks to The Independent’s John Rentoul about the record gains by Europe’s far-right parties in last week’s EU elections and the fallout we’re already seeing from the results. ,"Jun 10, 2024",2024-10-13 13:35:14.878622,Ukraine War,Unknown,Ukraine,
330,CNN,https://www.cnn.com/2024/06/10/world/video/ukraine-russia-su-57-destroyed-rdr-061002aseg2-cnni-world-fast,Ukraine says deep drone strike destroys rare Russian Su-57 stealth fighter,Ukraine’s military says it has destroyed one of Russia’s newest and most advanced fighter jets in a drone strike on a military base deep inside Russia.,"Jun 10, 2024",2024-10-13 13:35:14.878622,Ukraine War,Unknown,Ukraine,
332,CNN,https://www.cnn.com/2024/06/09/world/video/russia-stealth-fighter-jet-ukraine-dougherty-hnk-digvid,Ukraine says it damaged a Russian stealth fighter jet. See why expert calls it significant,Ukrainian forces said they successfully destroyed one of Russia’s most advanced combat jets Su-57 in a drone strike on a military base deep inside Russia.,"Jun 10, 2024",2024-10-13 13:35:14.878622,Ukraine War,Unknown,Ukraine,
333,CNN,https://www.cnn.com/videos/world/2024/06/09/eu-elections-underway-natasha-lindstaedt-intv-060805aseg2-cnni-world-fast.cnn,How a far-right takeover in Europe may impact US politics,"As voters in 27 countries go to the polls in European Parliament elections, University of Essex Professor Natasha Lindstaedt explains how the ballot could impact US politics, especially if far-right parties do well.","Jun 10, 2024",2024-10-13 13:35:14.878622,Ukraine War,Unknown,Ukraine,
336,CNN,https://www.cnn.com/2024/06/09/world/video/russia-economy-vladimir-milov-06093aseg1-cnni-world-fast,Russia's economy hums along despite historic sanctions,Former Russian Deputy Energy Minister Vladimir Milov speaks with CNN’s Anna Coren about the impact of Western sanctions on Russia’s economy and whether recent figures showing economic growth are reliable.  ,"Jun 9, 2024",2024-10-13 13:35:14.878622,Ukraine War,Unknown,Ukraine,
338,CNN,https://www.cnn.com/2024/06/08/world/video/eu-elections-underway-natasha-lindstaedt-intv-060805aseg2-cnni-world-fast,How far-right party takeover in Europe would impact US politics,"As voters in 27 countries go to the polls in European Parliament elections, University of Essex Professor Natasha Lindstaedt explains how the ballot could impact U.S. politics, especially if far-right parties do well.","Jun 8, 2024",2024-10-13 13:35:14.878622,Ukraine War,Unknown,Ukraine,
339,CNN,https://www.cnn.com/2024/06/08/world/video/ukraine-advocacy-interview-fst-060803aseg1-cnni-world-fast,Harrowing accounts from Ukrainians deported to Russia,"CNN’s Anna Coren talks to Khrystyna Shkudor, from the global advocacy campaign, “Where Are Our People?” about the treatment of Ukrainian prisoners of war and children taken forcibly to Russia.","Jun 8, 2024",2024-10-13 13:35:14.878622,Ukraine War,Unknown,Ukraine,
340,CNN,https://www.cnn.com/2024/06/08/world/video/bociurkiw-intv-060801a-seg2-cnni-world-fast,Global support for Ukraine as war rages in Kharkiv and beyond,"Paula Newton speaks to Michael Bociurkiw , Senior Fellow at the Atlantic, about both the U.S. and Europe’s support for Ukraine.","Jun 8, 2024",2024-10-13 13:35:14.878622,Ukraine War,Unknown,Ukraine,
341,CNN,https://www.cnn.com/2024/06/08/world/video/deadly-may-ukraine-060801a-seg1-cnni-world-fast,U.N. says May was deadliest month in Ukraine in almost a year,"More than 170 civilians were killed in Ukraine in May, according to the United Nations, the deadliest month in nearly a year.","Jun 8, 2024",2024-10-13 13:35:14.878622,Ukraine War,Unknown,Ukraine,
342,CNN,https://www.cnn.com/europe/live-news/russia-ukraine-war-news-06-07-24-intl/index.html,Biden makes the case for democracy after meeting with Zelensky,"President Joe Biden apologized to Volodymyr Zelensky on Friday for aid delays from the US, telling the Ukrainian leader “we’re not going to walk away from you.”","Jun 8, 2024",2024-10-13 13:35:14.878622,Ukraine War,Christian Edwards,Ukraine,
343,CNN,https://www.cnn.com/videos/world/2024/06/07/biden-supports-ukraine-with-225-million-aid-package-digvid.cnn,Biden reaffirms US support for Ukraine in critical meeting with Zelensky,"President Biden has announced a substantial $225 million aid package to Ukraine, reaffirming the United States’ commitment to supporting the nation.","Jun 8, 2024",2024-10-13 13:35:14.878622,Ukraine War,Unknown,Ukraine,
344,CNN,https://www.cnn.com/2024/06/07/world/video/ukraine-military-aid-zelensky-france-visit-malcolm-davis-intv-060703aseg1-cnni-world-fast,France pledges to supply Mirage 2000-5 jets to Ukraine,"France has promised to supply Mirage 2000-5 jets to Ukraine. The nation also wants to train a new brigade of Ukrainian troops to help in the war against Russia. Anna Coren speaks with Malcolm Davis, Senior Analyst with the ...","Jun 7, 2024",2024-10-13 13:35:14.878622,Ukraine War,Unknown,Ukraine,
345,CNN,https://www.cnn.com/2024/06/07/politics/video/biden-supports-ukraine-with-225-million-aid-package-digvid,Biden reaffirms US support for Ukraine in critical meeting with Zelensky,"President Biden has announced a substantial $225 million aid package to Ukraine, reaffirming the United States’ commitment to supporting the nation.","Jun 7, 2024",2024-10-13 13:35:14.878622,Ukraine War,Unknown,Ukraine,
346,CNN,https://www.cnn.com/2024/06/07/world/video/pleitgen-pkg-060702a-seg1-cnni-world-fast,Putin not invited to D-Day commemorations,Fred Pleitgen reports on Ukraine’s president Zelensky comparing Ukraine’s struggle in its war with Russia to the Allies’ war against Nazi Germany. ,"Jun 7, 2024",2024-10-13 13:35:14.878622,Ukraine War,Unknown,Ukraine,
347,CNN,https://www.cnn.com/2024/06/07/world/video/europe-elections-far-right-rhetoric-sebastian-pkg-digvid,"From anti-immigrant rhetoric to openly Islamaphobic materials, this is how Europe's far-right is trying to win over voters",Europe’s far-right are no longer on the fringes of European politics. They are eyeing significant gains in this weekend’s European Parliament elections and are using that moment to step up the inflammatory rhetoric. CNN’s Clare Sebastian ...,"Jun 10, 2024",2024-10-13 13:35:14.878622,Ukraine War,Clare Sebastian,Ukraine,
349,CNN,https://www.cnn.com/2024/06/06/world/video/robertson-putin-snub-d-day-060611aseg1-cnni-world-fast,Biden ties D-Day to Russian invasion of Ukraine,CNN’s Nic Robertson looks at how Russian President Vladimir Putin was noticeably absent from the D-Day ceremonies.,"Jun 6, 2024",2024-10-13 13:35:14.878622,Ukraine War,Unknown,Ukraine,
350,CNN,https://www.cnn.com/2024/06/06/world/video/the-cranes-call-ukraine-war-film-amanpour,Hunting down evidence of Russian war crimes in 'The Cranes Call',Director Laura Warner and producer Evan Williams talk to Bianna Golodryga about their new documentary “The Cranes Call” which follows the efforts of investigators to find evidence of Russian war crimes across Ukraine.,"Jun 6, 2024",2024-10-13 13:35:14.878622,Ukraine War,Unknown,Ukraine,
352,CNN,https://www.cnn.com/2024/06/06/world/video/eu-guest-intvw-fst-060303aseg1-cnni-world-fast,European voters choosing members of parliament in 27 countries,373 million people across the European Union are eligible to vote in elections for the next European Parliament. Rosemary Church talks to European affairs expert Maria Demertzis about what’s at stake.,"Jun 6, 2024",2024-10-13 13:35:14.878622,Ukraine War,Unknown,Ukraine,
355,CNN,https://www.cnn.com/2024/06/05/world/video/slovenia-palestinian-statehood-fajon-intv-cnni-world-fast,Slovenia's Foreign Minister speaks to CNN as Slovenia recognizes Palestinian statehood,Slovenian Foreign Minister Tanja Fajon speaks to Isa Soares about Slovenia’s decision to recognize Palestinian statehood.,"Jun 5, 2024",2024-10-13 13:35:14.878622,Ukraine War,Unknown,Ukraine,
357,CNN,https://www.cnn.com/2024/06/05/world/video/eu-election-preview-pkg-nadeau-fst-06051aseg02-cnni-world-fast,European parliament election begins Thursday,The second largest election in the world starts on Thursday. 27 European member states will choose lawmakers for the European parliament. CNN’s Barbie Nadeau reports.,"Jun 5, 2024",2024-10-13 13:35:14.878622,Ukraine War,Unknown,Ukraine,
362,CNN,https://www.cnn.com/2024/06/03/tv/video/amanpour-hour-landler-freedland-2024-ukraine,'I think they need to talk to their candidate': Political journalists break down Biden campaign's economy problem,Guardian columnist Jonathan Freedland and New York Times London bureau chief Mark Landler look at challenges to the Biden White House both foreign and domestic.,"Jun 3, 2024",2024-10-13 13:35:14.878622,Ukraine War,Unknown,Ukraine,
363,CNN,https://www.cnn.com/2024/06/03/tv/video/south-africa-elections-tessa-dooms,South Africa's stunner election: Why the ANC lost its majority for the first time in 30 years,"Tessa Dooms, Program Director for Rivonia Circle, talks to Bianna Golodryga about the surprising results of the South African elections.","Jun 3, 2024",2024-10-13 13:35:14.878622,Ukraine War,Unknown,Ukraine,
366,CNN,https://www.cnn.com/2024/06/02/world/video/ukraine-us-abrams-tanks-mark-hertling-digvid-nr,Hear retired US general's response to Ukrainian soldiers who say US-issued tanks are underperforming,"Retired US Army Lt. Gen. Mark Hertling, who spent part of his career aboard the Abrams tank, reacts to some Ukrainian soldiers telling CNN that their US-supplied Abrams tank are underperforming in the field.","Jun 3, 2024",2024-10-13 13:35:14.878622,Ukraine War,Unknown,Ukraine,
368,CNN,https://www.cnn.com/2024/06/02/world/video/ukraine-frontline-rebekah-maciorowski-intv-06024aseg1-cnni-world-fast,Combat medic shares frontline experiences in Ukraine,"Rebekah Maciorowski, an American combat medic providing care for soldiers and civilians on the front lines, shares why she went to Ukraine and how changing warfare has made it even more difficult to provide medical attention.","Jun 2, 2024",2024-10-13 13:35:14.878622,Ukraine War,Unknown,Ukraine,
369,CNN,https://www.cnn.com/2024/06/02/world/video/ukraine-soldiers-germany-prosthetics-fred-pleitgen-pkg-06024aseg2-cnni-world-fast,Germany makes prosthetic legs for injured Ukrainians,"Tens of thousands of Ukrainian troops have lost limbs during the brutal war in their country, according to estimates. There are prosthetic technologies to help them live a better life, but there are not enough trained technicians in Ukraine to use ...","Jun 2, 2024",2024-10-13 13:35:14.878622,Ukraine War,Unknown,Ukraine,
372,CNN,https://www.cnn.com/2024/05/31/world/video/us-ukraine-weapons-fred-pleitgen-fst053102pseg1-cnni-world-fast,Biden allows Ukraine to carry out limited strikes within Russia using U.S. weapons,"After weeks of heightened pressure on Ukraine’s front lines, the Biden administration has allowed Zelensky to authorize certain strikes on Russian soil using U.S. weaponry. To understand how this could change the course of the ...","Jun 1, 2024",2024-10-13 13:35:14.878622,Ukraine War,Unknown,Ukraine,
377,CNN,https://www.cnn.com/2024/05/30/world/video/ctw-spies-campbell-pkg-053010aseg1-cnni-world-fast,Ongoing Russia-Ukraine war could bring next generation of spies,"With war between Russia and Ukraine grinding on, U.S. intelligence is on the lookout for Russian insiders to share strategic information. CNN’s Josh Campbell reports. ","May 30, 2024",2024-10-13 13:35:14.878622,Ukraine War,Unknown,Ukraine,
380,CNN,https://www.cnn.com/2024/05/29/world/video/weapon-ammunition-deliveries-ukraine-us-military-christine-wormuth-liebermann-dnt-ebof-digvid,Here’s how US weapon deliveries to Ukraine have led to a boost for US military,"CNN’s Oren Liebermann reports from inside an artillery manufacturing facility and speaks with US Secretary of the Army Christine Wormuth, who explained how US weapon deliveries to Ukraine have led to a boost for the US military.","May 30, 2024",2024-10-13 13:35:14.878622,Ukraine War,Oren Liebermann,Ukraine,
382,CNN,https://www.cnn.com/2024/05/29/world/video/stoltenberg-ukraine-nato-intw-052801pseg1-cnni-world-fast,Ukraine should have the right to strike targets inside Russia,NATO Secretary General Jens Stoltenberg says it’s urgent for Ukraine to use their weapons to strike back against Russian attacks,"May 29, 2024",2024-10-13 13:35:14.878622,Ukraine War,Unknown,Ukraine,
383,CNN,https://www.cnn.com/2024/05/29/world/video/abrams-tanks-ukraine-walsh-pkg-052908aseg1-cnni-world-fast,Why U.S. tanks are coming up short in Eastern Ukraine,"In Eastern Ukraine, CNN’s Nick Paton Walsh reports exclusively that U.S.-supplied Abrams tanks are coming up short as the Ukrainian army finds itself losing ground along the frontline. ","May 29, 2024",2024-10-13 13:35:14.878622,Ukraine War,Unknown,Ukraine,
385,CNN,https://www.cnn.com/2024/05/29/world/video/abrams-tanks-ukraine-russia-nick-paton-walsh-digvid,‘Not sufficient’: Ukrainian soldiers detail how US-supplied tank is faring in war,"CNN chief international security correspondent Nick Paton Walsh talks to Ukrainians on the frontlines of the war against Russia, whose use of US-supplied Abrams tanks isn’t going to plan. ","May 29, 2024",2024-10-13 13:35:14.878622,Ukraine War,Nick Paton Walsh,Ukraine,
386,CNN,https://www.cnn.com/2024/05/29/world/video/ukraine-western-weapons-strike-inside-russia-david-sanger-intv-052902aseg2-cnni-world-fast,Growing calls to allow Ukraine to strike inside Russia with Western weapons,Rosemary Church asks CNN Political and National Security Analyst David Sanger about debates happening within the Biden administration about whether to allow Ukraine to use U.S.-supplied weapons to strike military targets inside Russia. ,"May 29, 2024",2024-10-13 13:35:14.878622,Ukraine War,Allison Glennie,Ukraine,
387,CNN,https://www.cnn.com/2024/05/28/world/video/zelensky-visit-europe-bell-live-052808aseg1-cnni-world-fast,Belgium to provide Ukraine with 30 F-16 fighter jets,"Ukrainian President Volodymyr Zelensky continues his visit to Europe as he seeks military support in his country’s fight against Russia, CNN’s Melissa Bell reports on what his trip has achieved so far. ","May 28, 2024",2024-10-13 13:35:14.878622,Ukraine War,Unknown,Ukraine,
388,CNN,https://www.cnn.com/2024/05/28/world/video/ukraine-russia-war-kharkiv-strike-bell-lkl-052812aseg1-cnni-world-fast,Strike on Kharkiv store is deadliest attack Ukraine has seen in weeks,"Eighteen people, including a 12-year-old girl, are among those killed in a Russian strike that hit a large hardware store in Kharkiv over the weekend. It’s the deadliest attack Ukraine has endured in several weeks. ","May 28, 2024",2024-10-13 13:35:14.878622,Ukraine War,Unknown,Ukraine,
390,CNN,https://www.cnn.com/2024/05/27/world/video/npw-kharkiv-dnt-fst052702pseg2-cnni-world-fast,Russian attacks devastate Eastern Ukraine,"An overnight strike in Eastern Ukraine has left behind a trail of loss and heartbreak, showcasing the mounting pressure of Russia’s invasion. Nick Paton Walsh reports.","May 28, 2024",2024-10-13 13:35:14.878622,Ukraine War,Unknown,Ukraine,
391,CNN,https://www.cnn.com/2024/05/27/world/video/latvian-president-fst052701pseg1-cnni-world-fast,"""A consequence of our inability to provide Ukraine with weapons"": Latvian President",Latvian President Edgar Rinkēvičs tells Christiane Amanpour that the situation in Ukraine is critical and agrees that NATO allies should lift some restrictions on Ukraine’s use of donated weapons. ,"May 27, 2024",2024-10-13 13:35:14.878622,Ukraine War,Unknown,Ukraine,
393,CNN,https://www.cnn.com/videos/tv/2024/05/27/edgars-rinkevics-latvia-ukraine-russia-nato.cnn,Latvian President: 'No reason' to prevent Ukraine from striking Russia,Latvian President Edgars Rinkēvičs tells Christiane Amanpour Russian advances in Ukraine are “a consequence of our inability to provide Ukraine with weapons and putting restrictions” on their use.,"May 27, 2024",2024-10-13 13:35:14.878622,Ukraine War,Unknown,Ukraine,
394,CNN,https://www.cnn.com/2024/05/27/world/video/ukrainian-soldiers-frontline-treated-dugout-digvid,CNN witnesses Ukrainian soldiers being treated after blast hits dugout,"Inside a stabilization unit in eastern Ukraine, CNN witnesses how Ukrainian soldiers are treated following a Russian attack on the frontline. CNN’s Nick Paton Walsh has more.","May 27, 2024",2024-10-13 13:35:14.878622,Ukraine War,Nick Paton Walsh,Ukraine,
395,CNN,https://www.cnn.com/2024/05/27/world/video/zelensky-kharkiv-peace-summit-vo-sot-052704aseg1-cnni-world-fast,Zelensky urges U.S. and China to join peace summit,Ukraine’s president makes a plea to U.S. President Joe Biden and Chinese President Xi Jinping to attend an upcoming peace summit. ,"May 27, 2024",2024-10-13 13:35:14.878622,Ukraine War,Unknown,Ukraine,
396,CNN,https://www.cnn.com/2024/05/27/world/video/inside-kharkiv-store-attack-moment-digvid,Video from inside Kharkiv store captures deadly explosions from Russian strike,The Prosecutor General’s Office of Ukraine has released a video from inside a Kharkiv hardware store that was the target of a deadly Russian attack.,"May 27, 2024",2024-10-13 13:35:14.878622,Ukraine War,Austin Mabeus,Ukraine,
400,CNN,https://www.cnn.com/2024/05/26/world/video/ukraine-weapons-malcolm-davis-intv-05263aseg2-cnni-world-fast,Ukraine seeks to use Western weapons to strike Russia,"Malcolm Davis, senior analyst at the Australian Strategic Policy Institute, joins CNN’s Anna Coren to discuss the America’s stance on Ukraine using its weapons on targets in Russia.","May 26, 2024",2024-10-13 13:35:14.878622,Ukraine War,Unknown,Ukraine,
401,CNN,https://www.cnn.com/2024/05/26/world/video/ukraine-mp-kinzruska-holmes-intv-052602aseg1-cnni-world-fast,Ukraine MP: Russia is destroying Kharkiv,"Viktoria Kinzburska, a Ukrainian member of parliament, tells CNN’s Michael Holmes, Russia is “destroying Kharkiv” with strikes on civilian infrastructure.","May 26, 2024",2024-10-13 13:35:14.878622,Ukraine War,Unknown,Ukraine,
402,CNN,https://www.cnn.com/2024/05/26/world/video/walsh-lklv-052612a-seg1-cnni-world-fast,This video is no longer available,"CNN’s Nick Paton Walsh reports on how Russia is stepping up attacks on Ukraine’s second largest city, including a deadly strike on a packed hardware store. ","May 26, 2024",2024-10-13 13:35:14.878622,Ukraine War,Unknown,Ukraine,
403,CNN,https://www.cnn.com/2024/05/25/world/video/russia-strikes-kharkiv-ukraine-npw-lkl-nr-digvid,Security cam shows moment hardware store was hit by Russian missile,"At least two people have been killed and 33 injured after a Russian strike hit a large hardware store in Kharkiv, Ukraine, according to officials. CNN’s Nick Paton Walsh reports.","May 26, 2024",2024-10-13 13:35:14.878622,Ukraine War,Unknown,Ukraine,
407,CNN,https://www.cnn.com/2024/05/24/world/video/amanpour-andrea-kendall-taylor-ukraine-russia-intv-05241pseg1-cnni-world-fast,Analyst: Ukraine should be able to use U.S. weapons to strike into Russia,"As Russia targets Ukraine’s Kharkiv region, Bianna Golodryga speaks to Andrea Kendall-Taylor, Senior Fellow at the Center for a New American Security. ","May 24, 2024",2024-10-13 13:35:14.878622,Ukraine War,Unknown,Ukraine,
408,CNN,https://www.cnn.com/videos/tv/2024/05/24/amanpour-andrea-kendall-taylor-ukraine.cnn,Will Biden allow Ukraine to use U.S. weapons to strike inside Russia?,"As Russia targets Ukraine’s Kharkiv region, Bianna Golodryga speaks to Andrea Kendall-Taylor, Senior Fellow at the Center for a New American Security.","May 24, 2024",2024-10-13 13:35:14.878622,Ukraine War,Unknown,Ukraine,
409,CNN,https://www.cnn.com/2024/05/24/world/video/ukraine-russia-kharkiv-missile-attack-vo-tell-052403aseg2-cnni-world-fast,Ukraine reeling from latest missile strikes on Kharkiv,At least seven people were killed in Russian attacks on Kharkiv on Thursday. Ukraine’s President Volodymyr Zelensky says his country still doesn’t have the air defenses it needs to fight back. ,"May 24, 2024",2024-10-13 13:35:14.878622,Ukraine War,Unknown,Ukraine,
410,CNN,https://www.cnn.com/2024/05/24/world/video/g7-meeting-russia-frozen-assets-sebastian-pkg-cnni-world-fast,G7 eyes Russia's financial assets frozen over Ukraine invasion,CNN’s Clare Sebastian reports on discussions among G7 countries about whether to distribute Russia’s frozen assets to Ukraine.,"May 24, 2024",2024-10-13 13:35:14.878622,Ukraine War,Unknown,Ukraine,
411,CNN,https://www.cnn.com/2024/05/23/world/video/ctw-russia-ukraine-npw-dnt-052310aseg1-cnni-world-fast,CNN on the ground for Ukraine’s fight in the Kharkiv region,CNN’s Nick Paton Walsh exclusively joins Ukrainian troops on the front line as they take cover from drones in the Kharkiv region.,"May 23, 2024",2024-10-13 13:35:14.878622,Ukraine War,Unknown,Ukraine,
414,CNN,https://www.cnn.com/2024/05/22/world/video/lyptsi-ukraine-village-russia-target-npw-pkg-digvid,‘Extraordinary’: Reporter reacts to 1940s era weapons Ukraine is using to fight off Russia,"CNN’s Nick Paton Walsh got exclusive access the heart of the town Ukraine cannot afford to lose, or else Russian artillery will be in range of Kharkiv.","May 23, 2024",2024-10-13 13:35:14.878622,Ukraine War,Unknown,Ukraine,
417,CNN,https://www.cnn.com/2024/05/21/world/video/npw-pkg-ukraine-frontline-052102pseg2-cnni-world-fast,The secretive Ukrainian Drone Unit tasked with dropping mines into Russia,"As soldiers on the front lines wait impatiently for U.S. military aid to arrive, Ukraine is pushing back and attacking Russia on its own soil with drones. Chief International Security Correspondent Nick Paton Walsh reports. ","May 22, 2024",2024-10-13 13:35:14.878622,Ukraine War,Unknown,Ukraine,
418,CNN,https://www.cnn.com/2024/05/20/world/video/ukraine-drones-explosives-russia-npw-digvid,Ukrainian soldiers drop explosive payload into Russia with night drone,CNN’s Nick Paton Walsh shows how a Ukrainian drone team works tirelessly to send explosive payloads into Russian territory.,"May 21, 2024",2024-10-13 13:35:14.878622,Ukraine War,Unknown,Ukraine,
421,CNN,https://www.cnn.com/videos/world/2024/05/19/gps-0519-david-petraeus-on-ukraine.cnn,On GPS: Can Ukraine hold out against Russia?,"Fareed asks David Petraeus, former CIA director and retired US Army general, whether he thinks Ukrainian troops can hold their front lines against Russia’s new offensive near Kharkiv.","May 19, 2024",2024-10-13 13:35:14.878622,Ukraine War,Unknown,Ukraine,
422,CNN,https://www.cnn.com/2024/05/16/world/video/vovchansk-ukraine-evacuation-cnn-rides-along-npw-pkg-digvid,CNN rides along with evacuation unit in Ukraine as Russia advances on town,"CNN chief international security correspondent Nick Paton Walsh joins a police evacuation unit in Vovchansk, Ukraine, as the Russian military advances on the town. ","May 19, 2024",2024-10-13 13:35:14.878622,Ukraine War,Caroline Baxendale,Ukraine,
423,CNN,https://www.cnn.com/2024/05/19/world/video/uksy-win-051912a-seg2-cnni-world-fast,Oleksandr Uysk defeats Tyson Fury,Ukraine’s Oleksandr Usyk wins undisputed heavyweight title by split decision.,"May 19, 2024",2024-10-13 13:35:14.878622,Ukraine War,Unknown,Ukraine,
425,CNN,https://www.cnn.com/videos/tv/2024/05/18/russia-china-ukraine-war-rasmussen-amanpour.cnn,"Russia and China 'want a world dominated by dictators,' says ex-NATO chief","Former NATO Secretary General Anders Fogh Rasmussen discusses the latest anti-US axis photo op, and the increasingly dire situation in Ukraine.","May 18, 2024",2024-10-13 13:35:14.878622,Ukraine War,Unknown,Ukraine,
427,CNN,https://www.cnn.com/2024/05/18/world/video/hodge-live-051804aseg2-cnni-world-fast,Zelensky: Russia hasn't reached main defense line in Kharkiv,CNN’s Nathan Hodge talks to Kim Brunhuber about the gains Russia is making as it moves further into the Kharkiv region of Ukraine.,"May 18, 2024",2024-10-13 13:35:14.878622,Ukraine War,Unknown,Ukraine,
429,CNN,https://www.cnn.com/2024/05/18/world/video/kharkiv-life-russian-offensive-viktoria-kinzburska-intv-051803aseg1-cnni-world-fast,Life in Kharkiv as Russia presses on with offensive in Ukraine,,"May 18, 2024",2024-10-13 13:35:14.878622,Ukraine War,Unknown,Ukraine,
431,CNN,https://www.cnn.com/2024/05/18/world/video/paton-walsh-lklv-051812a-seg1-cnni-world-fast,Intense battles in Kharkiv,"Nick Paton Walsh reports that Ukrainian officials say more than 25,000 Russian troops are taking part in Kharkiv operation.","May 18, 2024",2024-10-13 13:35:14.878622,Ukraine War,Unknown,Ukraine,
432,CNN,https://www.cnn.com/2024/05/17/world/video/ctw-palestinian-state-recognition-kinkade-robert-golob-intv-051710aseg1-cnni-world-fast,Slovenia to recognize Palestinian state mid-June,"“The recognition itself was meant to come at the end of the two-state solution process, but what we’re witnessing now… we cannot stand still,” Slovenia’s Prime Minister Robert Golob tells CNN’s Lynda Kinkade.","May 17, 2024",2024-10-13 13:35:14.878622,Ukraine War,Unknown,Ukraine,
433,CNN,https://www.cnn.com/2024/05/17/world/video/ctw-ukraine-npw-dnt-fst-051710aseg2-cnni-world-fast,Civilians flee as Russian troops near a Ukrainian town,CNN’s Nick Paton Walsh follows a Ukrainian couple as they flee their town with Russian forces approaching.,"May 17, 2024",2024-10-13 13:35:14.878622,Ukraine War,Unknown,Ukraine,
435,CNN,https://www.cnn.com/2024/05/17/world/video/russia-ukraine-kharkiv-nato-robertson-live-051704aseg2-cnni-world-fast,"NATO says Russia lacks numbers for ""strategic"" breakthrough in Kharkiv",NATO says it believes Russian forces don’t have the numbers to make a “strategic” breakthrough in the Kharkiv region. Max Foster speaks with CNN’s International Diplomatic Editor Nic Robertson about the situation in Ukraine. ,"May 17, 2024",2024-10-13 13:35:14.878622,Ukraine War,Unknown,Ukraine,
437,CNN,https://www.cnn.com/europe/live-news/russia-ukraine-war-news-05-16-24-intl-hnk/index.html,"May 16, 2024 - Russia’s war in Ukraine","Russian President Vladimir Putin has met Chinese leader Xi Jinping in Beijing, emboldened by the survival of his wartime economy and Russia’s advances in Ukraine.","May 17, 2024",2024-10-13 13:35:14.878622,Ukraine War,Helen Regan,Ukraine,
438,CNN,https://www.cnn.com/videos/tv/2024/05/16/amanpour-umerov-ukraine.cnn,"Russia's offensive near Kharkiv: 'Situation hard but under control,' says Ukrainian Defence Minister",Christiane Amanpour speaks with Ukrainian Defense Minister Rustem Umerov as the country grapples with a Russian offensive in north-eastern Ukraine.,"May 17, 2024",2024-10-13 13:35:14.878622,Ukraine War,Unknown,Ukraine,
439,CNN,https://www.cnn.com/2024/05/16/world/video/ukraine-russia-war-intv-rustem-umerov-defense-minister-amanpour-fast-051601-cnni-world,Ukraine’s Defense Minister gives CNN the latest from the frontlines,Ukraine’s new Defense Minister Rustem Umerov talks to Christiane about the state of the country’s war with Russia as Moscow pushes forward on multiple fronts.  ,"May 16, 2024",2024-10-13 13:35:14.878622,Ukraine War,Unknown,Ukraine,
440,CNN,https://www.cnn.com/videos/tv/2024/05/16/amanpouur-wesley-clark-ukraine.cnn,Ukraine needs 'policy change in Washington and NATO' to push Russia back: Fmr NATO Supreme Allied Commander,"Christiane Amanpour speaks to former NATO Supreme Allied Commander and Military Analyst, General Wesley Clark, about what more needs to be done to push Russia back from Ukraine’s frontline.","May 16, 2024",2024-10-13 13:35:14.878622,Ukraine War,Unknown,Ukraine,
442,CNN,https://www.cnn.com/2024/05/16/world/video/blinken-kyiv-performance-1999-band-intv-051602aseg2-cnni-world-fast,Ukrainian band talks about sharing the stage with Antony Blinken,"CNN’s Rosemary Church talks to members of the Ukrainian band 19.99, who performed Neil Young’s “Rockin’ in the Free World” with U.S. Secretary of State Antony Blinken during his recent visit to Kyiv. ","May 16, 2024",2024-10-13 13:35:14.878622,Ukraine War,Unknown,Ukraine,
443,CNN,https://www.cnn.com/2024/05/16/world/video/ukraine-kharkiv-front-lines-paton-walsh-lok-051602aseg1-cnni-world-fast,Russian forces push offensive in Ukraine's northeast,"CNN’s Nick Paton Walsh reports from Kharkiv, Ukraine, where Russian forces have been gaining ground after launching a surprise cross-border assault on Friday.","May 16, 2024",2024-10-13 13:35:14.878622,Ukraine War,Unknown,Ukraine,
444,CNN,https://www.cnn.com/europe/live-news/russia-ukraine-war-news-05-15-24/index.html,"May 15, 2024 - Russia’s war in Ukraine",US Secretary of State Antony Blinken announced $2 billion in military financing for Ukraine as Russia is pushing into northeastern part of the country.,"May 16, 2024",2024-10-13 13:35:14.878622,Ukraine War,Heather Chen,Ukraine,
446,CNN,https://www.cnn.com/2024/05/15/world/video/slovakia-shooting-nic-live-051502pseg1-cnni-world,Assassination attempt on Slovakia's Prime Minister,"Isa Soares speaks with Fmr. Senior Adviser to the Deputy Foreign Minister of Slovakia, Milan Nic, after a shocking attack on the Slovak Prime Minister.","May 16, 2024",2024-10-13 13:35:14.878622,Ukraine War,Unknown,Ukraine,
447,CNN,https://www.cnn.com/videos/world/2024/05/15/slovakia-prime-minister-shot-digvid.cnn,Video shows Slovakia's Prime Minister bundled into car after being shot,"Slovakia’s Prime Minister Robert Fico was shot after a government meeting and is being treated in hospital, the country’s state news agency reported Wednesday.","May 16, 2024",2024-10-13 13:35:14.878622,Ukraine War,Unknown,Ukraine,
448,CNN,https://www.cnn.com/2024/05/15/politics/video/boris-johnson-trump-ukraine-aid-russia-digvid,Hear why Boris Johnson says Trump played important role in aiding Ukraine,"CNN’s Jake Tapper speaks with the former Prime Minister of the United Kingdom Boris Johnson, who had a close working relationship with Former President Donald Trump, about their frequent phone conversations about supporting ...","May 16, 2024",2024-10-13 13:35:14.878622,Ukraine War,Unknown,Ukraine,
449,CNN,https://www.cnn.com/2024/05/15/world/video/video-appears-to-show-moment-slovakias-prime-minister-was-shot,Video appears to show moment Slovakia’s prime minister was shot,Five shots are heard in a video that appears to capture the moment Slovakia’s prime minister Robert Fico was shot in the town of Handlova on Wednesday.,"May 16, 2024",2024-10-13 13:35:14.878622,Ukraine War,Unknown,Ukraine,
450,CNN,https://www.cnn.com/2024/05/15/world/video/the-lead-boris-johnson-ukraine-russia-war-jake-tapper,Boris Johnson's message to Republicans against Ukraine aid,Boris Johnson joins The Lead,"May 16, 2024",2024-10-13 13:35:14.878622,Ukraine War,Unknown,Ukraine,
452,CNN,https://www.cnn.com/2024/05/15/world/video/slovakia-prime-minister-shot-digvid,Video shows Slovakian prime minister moments after being shot,"Slovakia’s Prime Minister Robert Fico was shot after a government meeting and is being treated in hospital, the country’s state news agency reported Wednesday.","May 16, 2024",2024-10-13 13:35:14.878622,Ukraine War,Unknown,Ukraine,
453,CNN,https://www.cnn.com/videos/world/2024/05/15/ukraine-withdraws-troops-kharkiv-russia-digvid.cnn,'Catastrophic moment': Russia advances on key city in Ukraine,"Ukrainian President Volodymyr Zelensky is postponing his participation in all international events scheduled for the coming days due to the situation in the Kharkiv region, his office announced, as Russia continues its push into the ...","May 15, 2024",2024-10-13 13:35:14.878622,Ukraine War,Unknown,Ukraine,
455,CNN,https://www.cnn.com/2024/05/15/world/video/ukraine-withdraws-troops-kharkiv-russia-digvid,'Catastrophic moment': Russia advances on key city in Ukraine,"Ukrainian President Volodymyr Zelensky is postponing his participation in all international events scheduled for the coming days due to the situation in the Kharkiv region, his office announced, as Russia continues its push into the ...","May 15, 2024",2024-10-13 13:35:14.878622,Ukraine War,Unknown,Ukraine,
456,CNN,https://www.cnn.com/2024/05/15/world/video/ukraine-blinken-kharkiv-kyiv-vo-sot-robertson-041504aseg1-cnni-world-fast,Kharkiv region faces heavy fighting amid Russian assault,CNN’s Nic Robertson reports on U.S. Secretary of State Blinken’s visit to Ukraine and the ongoing atttacks there. ,"May 15, 2024",2024-10-13 13:35:14.878622,Ukraine War,Unknown,Ukraine,
457,CNN,https://www.cnn.com/2024/05/15/world/video/russia-advances-ukraine-kharkiv-donetsk-paton-walsh-lok-051502aseg2-cnni-world-fast,Russia looks to exploit Ukraine’s weaknesses in a series of frontline locations,"CNN’s Nick Paton Walsh reports from Ukraine, where Russian troops have been gaining ground in the country’s northern Kharkiv region as they look to divert Ukraine’s limited resources away from the frontline battles unfolding farther south.","May 15, 2024",2024-10-13 13:35:14.878622,Ukraine War,Unknown,Ukraine,
458,CNN,https://www.cnn.com/2024/05/15/world/video/secretary-state-blinken-ukraine-sings-guitar-ldn-digvid,US Secretary of State Blinken rocks out in Kyiv,"US Secretary of State, Antony Blinken, picked up a guitar and performed Neil Young’s “Rockin’ in the Free World” on stage in Kyiv during a surprise trip to Ukraine.","May 15, 2024",2024-10-13 13:35:14.878622,Ukraine War,Unknown,Ukraine,
459,CNN,https://www.cnn.com/2024/05/15/world/video/blinken-ukraine-schmidt-intvw-051512aseg1-cnni-world-fast,Kharkiv under attack as Blinken visits Kyiv,"Officials say children were among those wounded when Russian glide bombs hit civilian infrastructure in Kharkiv. Meantime, U.S. Secretary of State Antony Blinken is holding talks with officials in the capital. CNN’s John Vause discusses all this ...","May 15, 2024",2024-10-13 13:35:14.878622,Ukraine War,Unknown,Ukraine,
460,CNN,https://www.cnn.com/europe/live-news/russia-ukraine-war-news-05-14-24/index.html,"May 14, 2024 - Russia’s war in Ukraine","Antony Blinken met with Volodymyr Zelensky in Kyiv earlier Tuesday, where the Ukrainian president told the US secretary of state that Ukraine urgently needs more air defenses.","May 15, 2024",2024-10-13 13:35:14.878622,Ukraine War,Ivana Kottasová,Ukraine,
462,CNN,https://www.cnn.com/videos/tv/2024/05/14/amanpour-andriy-zagorodnyuk.cnn,'The only way to end this war is for Ukraine to win it': Former Ukrainian Defense Minister,"As U.S. Secretary of State Antony Blinken visits Kyiv, Russia makes advances on the battlefield in the northern Kharkiv region. Former Ukrainian Defense Minister Andriy Zagorodnyuk joins Christiane to discuss what they need to defeat Putin.","May 14, 2024",2024-10-13 13:35:14.878622,Ukraine War,Unknown,Ukraine,
463,CNN,https://www.cnn.com/videos/world/2024/05/14/ukraine-russia-advances-kharkiv-us-aid-leighton-nr-cnni-intl-ldn-digvid.cnn,Ret. colonel: US aid to Ukraine didn't arrive in time to prevent Russia's advances,"Russia continues to push into northeastern Ukraine after making several major advances over the past week, marking Moscow’s most significant gains since Kyiv’s forces recaptured Kharkiv in 2022. Retired colonel Cedric Leighton joins ...","May 14, 2024",2024-10-13 13:35:14.878622,Ukraine War,Unknown,Ukraine,
464,CNN,https://www.cnn.com/2024/05/14/world/video/ukraine-school-underground-kharkiv-rdr-051404aseg2-cnni-world-fast,Ukraine opens first underground school,The “Bunker School” is now open six meters underground for Ukrainian school children to have in-person learning. ,"May 14, 2024",2024-10-13 13:35:14.878622,Ukraine War,Unknown,Ukraine,
466,CNN,https://www.cnn.com/videos/tv/2024/05/09/amanpour-golodryga-hodges-ukraine.cnn,Former US general: White House lacks clear policy for how to support Ukraine,"Ben Hodges, former commanding general in Europe, says the White House lacks clear policy for how to support Ukraine’s war effort.","May 14, 2024",2024-10-13 13:35:14.878622,Ukraine War,Unknown,Ukraine,
467,CNN,https://www.cnn.com/2024/05/14/world/video/ukraine-russian-advances-kharkiv-malcolm-davis-intv-051402aseg1-cnni-world-fast,Russia sees 'tactical success' in Kharkiv region,CNN’s Rosemary Church talks to military analyst Malcolm Davis about Russia’s advances in Ukraine’s Kharkiv region and why supplies from America’s recently approved aid package can’t arrive at Ukraine’s front lines soon enough. ,"May 14, 2024",2024-10-13 13:35:14.878622,Ukraine War,Unknown,Ukraine,
468,CNN,https://www.cnn.com/2024/05/14/world/video/putin-replaces-defense-minister-shoigu,Putin replaces Defense Minister Shoigu,Vladimir Putin has named an economist to head the defense ministry. CNN’s Clare Sebastian explores the potential impact.,"May 14, 2024",2024-10-13 13:35:14.878622,Ukraine War,Unknown,Ukraine,
473,CNN,https://www.cnn.com/2024/05/13/world/video/russia-ukraine-putin-clare-sebastian-live-051303a-seg1-cnni-world-fast,Putin replaces defense minister,Clare Sebastian reports on a major reshuffle of military leadership in Russia amid soaring defense costs.,"May 13, 2024",2024-10-13 13:35:14.878622,Ukraine War,Unknown,Ukraine,
474,CNN,https://www.cnn.com/2024/05/13/world/video/georgia-revishvili-intv-051301a-seg1cnni-world-fast,Tens of thousands of people protest in Tbilisi,"Michael Holmes speaks to political analyst Giorgi Revishvili about Georgia’s controversial foreign agents bill, set for a final reading on Monday.","May 13, 2024",2024-10-13 13:35:14.878622,Ukraine War,Unknown,Ukraine,
475,CNN,https://www.cnn.com/2024/05/12/world/video/russia-staging-ground-offensive-in-northeastern-ukraine,Russia staging ground offensive in northeastern Ukraine,"Russia claims to have captured multiple villages in the Kharkiv region of Ukraine as fierce fighting continues. Mick Ryan, retired major general in the Australian Army, joins Michael Holmes to discuss what Russian forces hope to achieve along the ...","May 12, 2024",2024-10-13 13:35:14.878622,Ukraine War,Unknown,Ukraine,
